#Ficheiros usados: BAP-1.csv, CYLD.csv, UCH-L1.csv, UCH-L3.csv, UCH-L5.csv, USP-1.csv, USP-10.csv, USP-11.csv, USP-13.csv, USP-14.csv, USP-15.csv, USP-16.csv, USP-17.csv, USP-18.csv, USP-19.csv, USP-2.csv, USP-20.csv, USP-21.csv, USP-25.csv, USP-27X.csv, USP-28.csv, USP-30.csv, USP-35.csv, USP-36.csv, USP-4.csv, USP-45.csv, USP-47.csv, USP-5.csv, USP-6.csv, USP-7.csv, USP-9X.csv.
smiles,IC50,pChEMBL,target
Cc1cccc2cc(C(c3nnnn3C(C)(C)C)N3CCN(C(=O)c4ccco4)CC3)c(O)nc12,17282.0,4.76,BAP-1
CCOC(=O)c1c(NC(=O)c2cccs2)sc(C)c1CC,30395.3,4.52,BAP-1
Cc1sc(NC(=O)CSc2nnc(-c3ccc(F)cc3)o2)c(C#N)c1C,10487.3,4.98,BAP-1
CCOC(=O)c1cnc(SCC(=O)Nc2sc(C)c(C)c2C#N)nc1N,18728.9,4.73,BAP-1
COc1ccc(NC(=O)c2c(NC(=O)CNCc3ccco3)sc3c2CCC3)c(OC)c1,35796.2,4.45,BAP-1
CCOC(=O)c1c(NC(=O)CSc2nnc(CNc3ccc(F)cc3)o2)sc(C)c1C,29128.0,4.54,BAP-1
CCc1nc(SCC(=O)Nc2ccc3c(c2)OCCO3)c2oc3ccccc3c2n1,13926.8,4.86,BAP-1
CCOC(=O)c1ccc(NC(=O)CSc2nc(C)cc(O)n2)cc1,23329.7,4.63,BAP-1
O=S(=O)(c1cccc(S(=O)(=O)N2CCC(n3nnc4ccccc43)CC2)c1)N1CCCCC1,18282.8,4.74,BAP-1
Cc1ccc(-c2nc3s/c(=C\c4ccco4)c(=O)n3n2)cc1,22562.5,4.65,BAP-1
O=C(c1ccco1)[C@@H]1[C@@H]2C(=O)N(c3ccccc3)C(=O)[C@@H]2C2c3ccccc3C=CN21,23373.1,4.63,BAP-1
CC1CCCN(S(=O)(=O)c2ccc(NC(=O)Cn3nnc(-c4ccccc4F)n3)cc2)C1,41626.7,4.38,BAP-1
CCOC(=O)c1c(NC(=O)Cn2nnc(-c3ccccc3)n2)sc(C(C)=O)c1C,23100.9,4.64,BAP-1
O=C(CSc1nc2c(c(=O)n1-c1ccc(Cl)cc1)SCC2)Nc1ccc2c(c1)OCCO2,38559.0,4.41,BAP-1
CCCO/C(O)=C1\C(C)=NC2=C(C(=O)CCC2)C1c1cccc(OC)c1OC,33938.6,4.47,BAP-1
CN(C)c1ccc(NC(=O)CSc2nc3ccccc3c(=O)n2C2CCCCC2)cc1,30229.7,4.52,BAP-1
Cc1sc(NC(=O)CSc2nnc(-c3ccccc3)o2)c(C#N)c1C,44797.8,4.35,BAP-1
CC(=O)N1CCN(c2ccccc2NC(=O)COc2cc(C)ccc2C(C)C)CC1,36743.5,4.43,BAP-1
COc1cccc(NC(=O)c2ccccc2-c2nc(-c3ccc(Cl)cc3)no2)c1,9002.3,5.05,BAP-1
O=C(NCc1ccco1)c1cc2nc(-c3ccc4c(c3)OCO4)cc(C(F)(F)F)n2n1,20376.0,4.69,BAP-1
COc1ccc2nc(NC(=O)CCc3nc(-c4ccccc4F)no3)sc2c1,36623.5,4.44,BAP-1
CC(=O)O/N=C1/C(=O)N(Cc2ccc(Cl)c(Cl)c2)c2ccc(Br)cc21,17000.0,4.77,UCH-L3
CC(=O)O/N=C1/C(=O)N(Cc2ccc(Cl)c(Cl)c2)c2ccc(I)cc21,23000.0,4.64,UCH-L3
O=C1CC(=O)c2c(Cl)c(Cl)c(Cl)c(Cl)c21,600.0,6.22,UCH-L3
CC(=O)O/N=C1/C(=O)N(Cc2cc(Cl)ccc2Cl)c2ccc(Br)cc21,25000.0,4.60,UCH-L3
O=C(Cc1ccccc1)Oc1c(OC(=O)Cc2ccccc2)c(-c2ccc(O)cc2)c(O)c(O)c1-c1ccc(O)cc1,5900.0,5.23,USP-5
CCC[C@H](NC(=O)/C(C#N)=C/c1cccc(Br)n1)c1ccccc1,4800.0,5.32,USP-9X
CC1=CC(=O)c2ccccc2C1=O,71000.0,4.15,UCH-L3
CCCCc1ccc(-c2nnc(S)n2-c2ccc(C(C)C)cc2)cc1,47000.0,4.33,UCH-L3
O=C1/C(=C/c2ccc([N+](=O)[O-])cc2)CC(O)C/C1=C\c1ccc([N+](=O)[O-])cc1,21200.0,4.67,USP-18
O=C1/C(=C/c2ccc([N+](=O)[O-])cc2)CS(=O)(=O)C/C1=C\c1ccc([N+](=O)[O-])cc1,33230.0,4.48,USP-18
O=C1c2ccccc2C(=O)c2oc(-c3ccccc3)nc21,544.0,6.26,USP-1
CC(C)(Sc1ccc(CCN(CCCCC2CCCCC2)C(=O)NC2CCCCC2)cc1)C(=O)O,5000.0,5.30,USP-1
O=c1[nH]c2ccccc2n1C1CCN(CCCC(c2ccc(F)cc2)c2ccc(F)cc2)CC1,2000.0,5.70,USP-1
O=C1c2ccccc2C(=O)c2oc(-c3ccc(F)cc3)nc21,888.0,6.05,USP-1
Fc1ccc(CNc2ncnc3ccc(F)cc23)cc1,600.0,6.22,USP-13
Cc1cc(C(=O)CN2CCCC2)c(C)n1-c1ccc(F)cc1,12300.0,4.91,USP-14
COC(=O)[C@]12CCC(C)(C)C[C@H]1[C@H]1C(=O)C=C3[C@@](C)(CC[C@H]4C(C)(C)C(=O)C(C#N)=C[C@]34C)[C@]1(C)CC2,14080.0,4.85,USP-7
NC(=O)c1c(NC(=O)COCc2cc(-c3cccs3)on2)sc2c1CCCC2,3300.0,5.48,USP-2
CC(=O)Nc1cccc(CNC(=O)c2sc3ccccc3c2OCc2ccccc2)c1,66080.0,4.18,USP-2
C[C@H](CCC(=O)NO)[C@H]1CC[C@@H]2[C@]1(C)CC[C@@H]1[C@@]3(C)CC[C@@H](O)C[C@H]3CC[C@]12C,9700.0,5.01,USP-2
NC(=O)c1c(N)sc2c1CCCC2,8700.0,5.06,USP-2
O=C1NC(=O)/C(=C2\CCNC(=O)c3[nH]ccc32)N1,3800.0,5.42,USP-7
Cc1ccc2c(N)c(C(=O)NCCc3ccc(N4CCNCC4)c(-c4ccccc4C)c3)sc2n1,200.0,6.70,USP-28
CCOc1cc(CCNC(=O)c2sc3nc(C)ccc3c2N)ccc1N1CCNCC1.O=C(O)C(F)(F)F,200.0,6.70,USP-28
Cc1ccc2c(N)c(C(=O)NCCc3ccc(N4CC5CCC(C4)N5)c(F)c3)sc2n1,200.0,6.70,USP-25
Cc1nc2sc(C(=O)NC[C@@H](C)c3cc(F)c(N4CCNCC4)cc3F)c(N)c2cc1F,2000.0,5.70,USP-28
Cc1ccc2c(N)c(C(=O)NCCc3ccc(N4CCNCC4)c(-c4cnn(C)c4)c3)sc2n1,200.0,6.70,USP-28
Cc1ccc2c(N)c(C(=O)NCCc3ccc(C4CCNCC4)c(Cl)c3)sc2n1,200.0,6.70,USP-25
Cc1ccc2c(N)c(C(=O)NCCc3ccc(N4CC[C@]5(CCCNC5)C4)cc3)sc2n1,2000.0,5.70,USP-28
Cc1cnc2c(N)c(C(=O)NC[C@H](C)c3ccc(N4CC5CCC(C4)N5)c(F)c3)sc2n1,200.0,6.70,USP-28
Cc1cnc2c(N)c(C(=O)NC[C@H](C)c3cc(F)c(N4CC5CNCC(C4)O5)cc3F)sc2n1,200.0,6.70,USP-28
CCc1cnc2c(N)c(C(=O)NCCc3ccc(N4CC5CCC(C4)N5)cc3)sc2n1,2000.0,5.70,USP-28
Cc1cnc2c(N)c(C(=O)NCCc3ccc(N4CC5CCC(C4)N5)cc3F)sc2n1,200.0,6.70,USP-28
Cc1ccc2c(N)c(C(=O)NCCc3ccc(N4CCNCC4)c(-c4ccccc4F)c3)sc2n1,200.0,6.70,USP-28
Cc1ccc2c(N)c(C(=O)NCCc3ccc(C4CCNCC4)c(F)c3)sc2n1,200.0,6.70,USP-25
CN[C@H]1CCN(c2ccc(CCNC(=O)c3sc4nc(C)ccc4c3N)cc2)C1,200.0,6.70,USP-28
Cc1ccc2c(N)c(C(=O)NCCc3cc(F)c(N4CCN[C@@H](C)C4)cc3F)sc2n1,200.0,6.70,USP-28
Cc1ccc2c(N)c(C(=O)NCCc3ccc(O[C@H]4COC5(CNC5)C4)cc3)sc2n1,200.0,6.70,USP-28
Cc1ccc2c(N)c(C(=O)N[C@H]3C[C@@H](c4ccc(N5CCNCC5)cc4)C3)sc2n1.O=CO,200.0,6.70,USP-28
Cc1ccc2c(N)c(C(=O)NCCc3cc(F)c(N4C[C@@H]5C[C@H]4CN5)cc3F)sc2n1,200.0,6.70,USP-25
C[C@@H](CNC(=O)c1sc2ncc(F)cc2c1N)c1cc(F)c(N2CC3CCC(C2)N3)cc1F,2000.0,5.70,USP-28
Cc1nc2sc(C(=O)NC[C@H](C)c3cc(F)c(N4CC5CCC(C4)N5)cc3F)c(N)c2cc1F,200.0,6.70,USP-28
Cc1ccc2c(N)c(C(=O)NCCc3ccc(N4CCNCC4)cc3C)sc2n1,200.0,6.70,USP-25
Cc1ccc2c(N)c(C(=O)NCCc3ccc(N4C[C@@H]5CNC[C@@H]5C4)cc3)sc2n1,200.0,6.70,USP-28
Cc1cnc2c(N)c(C(=O)NC[C@H](C)c3ccc(N4CC5CCC(C4)N5)c(C#N)c3)sc2n1,2000.0,5.70,USP-28
Cc1ccc2c(N)c(C(=O)NCCc3ccc(N4CCC(NC5CC5)C4)cc3)sc2n1,200.0,6.70,USP-28
Nc1c(C(=O)NCCc2ccc(N3CCNCC3)cc2)sc2nc(OC(F)F)ccc12,200.0,6.70,USP-25
CNc1ccc2c(N)c(C(=O)NCCc3ccc(C4CCNCC4)cc3)sc2n1,200.0,6.70,USP-28
Cc1cc(C(F)(F)F)c2c(N)c(C(=O)NCCc3ccc(N4CCNCC4)cc3)sc2n1,200.0,6.70,USP-28
Cc1cnc2c(N)c(C(=O)NC[C@@H](C)c3cc(F)c(N4CC5CNCC(C4)O5)cc3F)sc2n1,200.0,6.70,USP-28
Cc1ccc2c(N)c(C(=O)NCCc3ccc(N4CCC5(CNCCO5)C4)cc3)sc2n1,200.0,6.70,USP-28
Cc1cnc2c(N)c(C(=O)NCCc3ccc(N4CC5CCC(C4)N5)c(C#N)c3)sc2n1,200.0,6.70,USP-28
Cc1ccc2c(N)c(C(=O)NCCc3ccc4c(c3)C[C@H](C(=O)O)C4)sc2n1,200.0,6.70,USP-28
Cc1cnc2c(N)c(C(=O)NC[C@@H](C)c3ccc(N4CC5CCC(C4)N5)c(F)c3)sc2n1,200.0,6.70,USP-28
Cc1cnc2c(N)c(C(=O)NCCc3cc(F)c(N4CC5CCC(C4)N5)cc3F)sc2n1.Cl,200.0,6.70,USP-25
Cc1ccc2c(N)c(C(=O)NCCc3ccc(N4CCNCC4)c(-c4ccc(F)cc4)c3)sc2n1,2000.0,5.70,USP-28
Cc1cc(N)nc2sc(C(=O)NCCc3ccc(N4CCNCC4)cc3)c(N)c12,200.0,6.70,USP-28
CN[C@H]1CN(c2cc(F)c(CCNC(=O)c3sc4nc(C)ccc4c3N)cc2F)C[C@@H]1F,200.0,6.70,USP-28
Cc1ccc2c(N)c(C(=O)NCCc3ccc(N4CC5CCC(C4)N5)c(Cl)c3)sc2n1,200.0,6.70,USP-28
COc1cc(C)nc2sc(C(=O)NCCc3ccc(N4CCNCC4)cc3)c(N)c12,2000.0,5.70,USP-28
Cc1ccc2c(N)c(C(=O)NCCc3ccc(-n4ncc5c4CNC5)cc3)sc2n1,200.0,6.70,USP-28
COc1nc2sc(C(=O)NCCc3cc(F)c(N4CCNCC4)cc3F)c(N)c2cc1F,200.0,6.70,USP-28
Cc1ccc2c(N)c(C(=O)NCCc3ccc(N4CCN(C5CCC5)CC4)cc3)sc2n1,200.0,6.70,USP-28
Cc1ccc2c(N)c(C(=O)NCCc3ccc(N4CCN[C@H](CO)C4)cc3)sc2n1,200.0,6.70,USP-28
Cc1ccc2c(N)c(C(=O)N[C@H]3C[C@H](c4ccc(N5CCNCC5)cc4)C3)sc2n1.O=CO,200.0,6.70,USP-28
Cc1ccc2c(N)c(C(=O)NCCc3cc(F)c(N4C[C@@H]5CCN[C@@H]5C4)cc3F)sc2n1.Cl,200.0,6.70,USP-25
Cc1ccc2c(N)c(C(=O)NC[C@@H](C)c3cc(F)c(N4CC5CCC(C4)N5)cc3F)sc2n1,200.0,6.70,USP-28
Cc1ccc2c(N)c(C(=O)NC[C@H](C)c3ccc(N4CC5CCC(C4)N5)c(F)c3)sc2n1,200.0,6.70,USP-28
Cc1nc2sc(C(=O)NC[C@@H](C)c3ccc(N4CC5CCC(C4)N5)c(F)c3)c(N)c2cc1F,200.0,6.70,USP-28
Cc1ccc2c(N)c(C(=O)NCCc3ccc(N4CCCNCC4)cc3)sc2n1,200.0,6.70,USP-28
Cc1ccc2c(N)c(C(=O)NCCc3ccc(N4CCC5(CCCNC5)CC4)cc3)sc2n1,200.0,6.70,USP-28
Cc1ccc2c(N)c(C(=O)NCCc3ccc(N4C[C@H]5C[C@@H]4CN5)cc3)sc2n1,200.0,6.70,USP-25
Cc1ccc2c(N)c(C(=O)NCCc3ccc(N4CCN[C@@H](C)C4)cc3)sc2n1,200.0,6.70,USP-28
Cc1ccc2c(N)c(C(=O)NCCc3ccc(N4CCC5(CCNC5)C4)cc3)sc2n1,200.0,6.70,USP-28
Cc1ccc2c(N)c(C(=O)NCCc3ccc(N4CCN[C@H](C(C)C)C4)cc3)sc2n1,200.0,6.70,USP-25
CCOc1ccc2c(N)c(C(=O)NCCc3ccc(N4CCNCC4)cc3)sc2n1,200.0,6.70,USP-28
CN[C@@H]1CN(c2cc(F)c(CCNC(=O)c3sc4nc(C)ccc4c3N)cc2F)C[C@@H]1F,200.0,6.70,USP-28
CN[C@@H]1CN(c2cc(F)c(CCNC(=O)c3sc4nc(C)ccc4c3N)cc2F)C[C@H]1F,200.0,6.70,USP-28
Cc1cnc2c(N)c(C(=O)NC[C@H](C)c3cc(F)c(N4CC5CCC(C4)N5)cc3F)sc2n1,2000.0,5.70,USP-25
Cc1cnc2c(N)c(C(=O)NC[C@@H](C)c3ccc(N4CC5CCC(C4)N5)cc3F)sc2n1,200.0,6.70,USP-28
Cl.Nc1c(C(=O)NCCc2ccc(N3CCNCC3)cc2)sc2ncc3c(c12)CCC3,2000.0,5.70,USP-28
Cc1ccc2c(N)c(C(=O)NC[C@H](C)c3cc(F)c(N4CC5CCC(C4)N5)cc3F)sc2n1,200.0,6.70,USP-25
Cc1ccc2c(N)c(C(=O)NCCc3ccc(N4CCCC5(CCNC5)C4)cc3)sc2n1,200.0,6.70,USP-28
Cc1ccc2c(N)c(C(=O)NCCc3ccc([C@@H]4C[C@@H]5CC[C@H](C4)N5)cc3F)sc2n1,200.0,6.70,USP-28
Cc1ccc2c(N)c(C(=O)NCCc3ccc(N4CCNCC4)c(-c4cccc(F)c4)c3)sc2n1,2000.0,5.70,USP-28
Cc1ccc2c(N)c(C(=O)NCCc3ccc(N4CCN(CC5CCO5)CC4)cc3)sc2n1,200.0,6.70,USP-28
CN[C@H]1CCN(c2ccc(CCNC(=O)c3sc4nc(C)ccc4c3N)cc2Cl)C1,200.0,6.70,USP-28
Cc1ccc2c(N)c(C(=O)NCCc3ccc(N4CCNCC4)c(F)c3F)sc2n1,200.0,6.70,USP-28
Cc1ccc2c(N)c(C(=O)NCCc3ccc(N4CCN[C@@H](CO)C4)cc3)sc2n1,200.0,6.70,USP-25
Cc1nc2sc(C(=O)NC[C@H](C)c3cc(F)c(N4CCNCC4)cc3F)c(N)c2cc1F,200.0,6.70,USP-28
Cc1ccc2c(N)c(C(=O)NCCc3ccc([C@@H]4CCNC4)cc3)sc2n1,200.0,6.70,USP-25
Cl.Nc1c(C(=O)NCCc2ccc(N3CCNCC3)cc2)sc2nc3c(cc12)CCC3,2000.0,5.70,USP-28
Cl.Nc1c(C(=O)NCCc2ccc(N3CCNCC3)cc2)sc2nc3c(cc12)CCCC3,2000.0,5.70,USP-28
Cc1ccc2c(N)c(C(=O)NCCc3ccc(-n4ncc5c4CNC5)cc3F)sc2n1,200.0,6.70,USP-25
Cc1nc2sc(C(=O)NCCc3ccc(N4CCNCC4)cc3)c(N)c2cc1F,200.0,6.70,USP-25
Cc1nc2sc(C(=O)NCCc3ccc(N4CC5CCC(C4)N5)c(C#N)c3)c(N)c2cc1F,200.0,6.70,USP-28
Cc1ccc2c(N)c(C(=O)NCCc3ccc(-c4cnn5c4CNCC5)cc3)sc2n1,200.0,6.70,USP-25
Cc1ccc2c(N)c(C(=O)NCCc3cc(F)c(N4CC5CCC(C4)N5)cc3F)sc2n1,200.0,6.70,USP-25
Cc1ccc2c(N)c(C(=O)NC[C@H](C)c3ccc(N4CC5CCC(C4)N5)cc3F)sc2n1,200.0,6.70,USP-28
Cc1ccc2c(N)c(C(=O)NC[C@@H](C)c3ccc(N4CC5CCC(C4)N5)c(C#N)c3)sc2n1,200.0,6.70,USP-28
Cc1ccc2c(N)c(C(=O)NCCc3ccc(N4CCNCC4)c(-c4cnn(C(F)F)c4)c3)sc2n1,2000.0,5.70,USP-28
Cc1ccc2c(N)c(C(=O)NCCc3ccc(C(=O)O)cc3)sc2n1,200.0,6.70,USP-28
CNc1ccc2c(N)c(C(=O)NCCc3ccc(N4CCN(C)CC4)cc3)sc2n1,200.0,6.70,USP-25
Cl.Cl.Nc1c(C(=O)NCCc2ccc(N3CCNCC3)cc2)sc2nc3c(cc12)CCC3O,2000.0,5.70,USP-28
CN(C)c1ccc2c(N)c(C(=O)NCCc3ccc(N4CCNCC4)cc3)sc2n1,2000.0,5.70,USP-28
Cc1ccc2c(N)c(C(=O)NCCc3ccc(N4CCCC5(CCCNC5)C4)cc3)sc2n1,200.0,6.70,USP-28
Cc1ccc2c(N)c(C(=O)NCCc3ccc4c(c3)C[C@@H](C(=O)O)C4)sc2n1,200.0,6.70,USP-28
Cc1ccc2c(N)c(C(=O)NCCc3ccc([C@H]4CCNC4)cc3)sc2n1,200.0,6.70,USP-25
CCN[C@@H]1CCN(c2ccc(CCNC(=O)c3sc4nc(C)ccc4c3N)cc2)C1,200.0,6.70,USP-28
CN[C@H]1CN(c2cc(F)c(CCNC(=O)c3sc4nc(C)ccc4c3N)cc2F)C[C@H]1F,200.0,6.70,USP-28
C[C@H](O)c1ccc2c(N)c(C(=O)NCCc3ccc(N4CCNCC4)cc3)sc2n1,10000.0,5.00,USP-28
Cc1ccc2c(N)c(C(=O)NCCc3ccc(N4CC[C@@]5(CCCNC5)C4)cc3)sc2n1,200.0,6.70,USP-28
Cc1ccc2c(N)c(C(=O)NCCc3ccc(N4CC5CCC(C4)N5)cc3)sc2n1,200.0,6.70,USP-25
Cc1ccc2c(N)c(C(=O)NCCc3ccc(N4CC5CCC(C4)N5)cc3C#N)sc2n1,200.0,6.70,USP-25
Nc1c(C(=O)NCCc2ccc(C3CCNCC3)cc2)sc2nc(Cl)ccc12,200.0,6.70,USP-28
Cc1cc2c(N)c(C(=O)NCCc3ccc(N4CCNCC4)cc3)sc2nc1C,200.0,6.70,USP-28
Nc1c(C(=O)NCCc2cc(F)c(N3CC4CCC(C3)N4)cc2F)sc2ncc(F)cc12,200.0,6.70,USP-25
CCc1cc(CCNC(=O)c2sc3nc(C)ccc3c2N)ccc1N1CCNCC1,200.0,6.70,USP-25
Cc1ccc2c(N)c(C(=O)NC[C@@H](C)c3ccc(N4CC5CCC(C4)N5)c(F)c3)sc2n1,200.0,6.70,USP-28
Cc1ccc2c(N)c(C(=O)NC[C@H](C)c3ccc(N4CC5CCC(C4)N5)c(C#N)c3)sc2n1,200.0,6.70,USP-28
Nc1nc2sc(C(=O)NCCc3ccc(N4CCNCC4)cc3)c(N)c2cc1F,200.0,6.70,USP-25
Cc1ccc2c(N)c(C(=O)NCCc3cc(F)c(NC4CNC4)cc3F)sc2n1,200.0,6.70,USP-25
Cc1ccc2c(N)c(C(=O)NCCc3ccc(N4CCCC45CCCNC5)cc3)sc2n1,200.0,6.70,USP-25
Cc1nc2sc(C(=O)NCCc3ccc(N4CCNCC4)cc3)c(N)c2cc1C1CC1.Cl,2000.0,5.70,USP-28
Cc1nc2sc(C(=O)NCCc3cc(F)c(N4CC5CCC(C4)N5)cc3F)c(N)c2cc1F,200.0,6.70,USP-25
Cc1ccc2c(N)c(C(=O)NCCc3ccc(N4CCNCC4)cc3Cl)sc2n1,200.0,6.70,USP-25
Cc1ccc2c(N)c(C(=O)NCCc3ccc(N4CC[C@H]5NCC[C@H]54)cc3)sc2n1.Cl,200.0,6.70,USP-28
Cc1ccc2c(N)c(C(=O)NCCc3cc(F)c(N4C[C@H]5CCN[C@H]5C4)cc3F)sc2n1.Cl,200.0,6.70,USP-25
C[C@H](CNC(=O)c1sc2ncc(F)cc2c1N)c1cc(F)c(N2CC3CCC(C2)N3)cc1F,2000.0,5.70,USP-28
Cc1ccc2c(N)c(C(=O)NCCc3ccc(N4CCC5(CCNCC5)C4)cc3)sc2n1,200.0,6.70,USP-28
Cc1ccc2c(N)c(C(=O)NCCc3ccc(N4CC5(CNC5)C4)cc3)sc2n1,200.0,6.70,USP-28
Cc1cnc2c(N)c(C(=O)NCCc3cc(F)c(N4CCNCC4)cc3F)sc2n1,2000.0,5.70,USP-25
Cc1ccc2c(N)c(C(=O)NCCc3ccc(N4CCNCC4)c(F)c3)sc2n1.Cl,2000.0,5.70,USP-28
Cc1ccc2c(N)c(C(=O)NCCc3cc(F)c(N4CCNCC4)cc3F)sc2n1,200.0,6.70,USP-28
Nc1cc(C(F)F)c2c(N)c(C(=O)NCCc3ccc(N4CCNCC4)cc3)sc2n1,200.0,6.70,USP-25
Cc1cc(C)c2c(N)c(C(=O)NCCc3ccc(N4CCNCC4)c(Cl)c3)sc2n1.Cl,200.0,6.70,USP-28
Cc1ccc2c(N)c(C(=O)NCCc3ccc(N4CC5CCC(C4)N5)cc3F)sc2n1,200.0,6.70,USP-25
CN1CCC(c2ccc(CCNC(=O)c3sc4nc(Cl)ccc4c3N)cc2)CC1,200.0,6.70,USP-25
Cc1ccc2c(N)c(C(=O)NCCc3ccc(N4CCNCC4)c(OC(F)F)c3)sc2n1.O=CO,200.0,6.70,USP-28
Cc1nc2sc(C(=O)NC[C@@H](C)c3cc(F)c(N4CC5CCC(C4)N5)cc3F)c(N)c2cc1F,200.0,6.70,USP-25
Cc1ccc2c(N)c(C(=O)NCCc3ccc(N4CCC5(CCCNC5)C4)cc3)sc2n1,200.0,6.70,USP-25
Cc1ccc2c(N)c(C(=O)NCCc3ccc(N4CCN[C@H](C)C4)cc3)sc2n1,200.0,6.70,USP-25
Cc1ccc2c(N)c(C(=O)NCCc3ccc(N4CCN[C@@H](C(C)C)C4)cc3)sc2n1,200.0,6.70,USP-28
Cc1ccc2c(N)c(C(=O)NCCc3ccc(N(C)CC4CCCNC4)cc3)sc2n1,200.0,6.70,USP-28
Cc1ccc2c(N)c(C(=O)NCCc3ccc(N4CCNCC4)c(-c4ccc(Cl)cc4)c3)sc2n1,2000.0,5.70,USP-28
Cc1cccc(-c2cc(CCNC(=O)c3sc4nc(C)ccc4c3N)ccc2N2CCNCC2)c1,10000.0,5.00,USP-28
Cc1ccc2c(N)c(C(=O)NCCc3ccc(N4CCNCC4)c(-c4ccc(C(=O)N5CCCC5)cc4)c3)sc2n1,200.0,6.70,USP-28
COCCn1cc(-c2cc(CCNC(=O)c3sc4nc(C)ccc4c3N)ccc2N2CCNCC2)cn1,2000.0,5.70,USP-28
Cc1ccc2c(N)c(C(=O)NCCc3ccc(CC(=O)O)cc3)sc2n1,200.0,6.70,USP-28
Nc1c(C(=O)NCCc2ccc(N3CCNCC3)c(Cl)c2)sc2nc(C(F)F)ccc12,2000.0,5.70,USP-28
Nc1ccc2c(N)c(C(=O)NCCc3ccc(N4CCNCC4)cc3)sc2n1,200.0,6.70,USP-28
COc1ccc2c(N)c(C(=O)NCCc3ccc(N4CCNCC4)cc3)sc2n1,200.0,6.70,USP-28
CNc1ccc2c(N)c(C(=O)NCCc3ccc(C4CCN(C)CC4)cc3)sc2n1,200.0,6.70,USP-25
Cc1nc2sc(C(=O)NCCc3ccc(N4CCNCC4)cc3)c(N)c2cc1N,2000.0,5.70,USP-28
Cc1ccc2c(N)c(C(=O)NCCc3ccc(N4CC[C@@H](NC(C)C)C4)cc3)sc2n1,200.0,6.70,USP-28
Cc1ccc2c(N)c(C(=O)NCCc3ccc(N4CCNCC4)c(-c4cncnc4)c3)sc2n1,200.0,6.70,USP-28
Cc1ccc2c(N)c(C(=O)NCCc3ccc(O[C@@H]4COC5(CNC5)C4)cc3)sc2n1,200.0,6.70,USP-28
COCc1cc(N2CCNCC2)ccc1CCNC(=O)c1sc2nc(C)ccc2c1N,200.0,6.70,USP-25
Nc1c(C(=O)NCCc2ccc(N3CCNCC3)c(Cl)c2)sc2ncc(Cl)cc12,200.0,6.70,USP-28
Nc1c(C(=O)NCCc2ccc(N3CCNCC3)cc2)sc2nc(CO)ccc12,200.0,6.70,USP-28
Cc1cc(Cl)nc2sc(C(=O)NCCc3ccc(N4CCNCC4)cc3)c(N)c12,200.0,6.70,USP-28
CN1CCN(c2ccc(CCNC(=O)c3sc4nc(Cl)ccc4c3N)cc2)CC1,200.0,6.70,USP-28
Cc1ccc2c(N)c(C(=O)NCCc3ccc(N4CCNCC4)c(-c4cccc(Cl)c4)c3)sc2n1,2000.0,5.70,USP-28
Cc1ccc2c(N)c(C(=O)NCCc3ccc(N4CCNCC4)cc3F)sc2n1,200.0,6.70,USP-28
Cc1ccc2c(N)c(C(=O)NCCc3ccc(N4CCNCC4)c(-c4ccccc4Cl)c3)sc2n1,200.0,6.70,USP-28
Cc1ccc(-c2cc(CCNC(=O)c3sc4nc(C)ccc4c3N)ccc2N2CCNCC2)cc1,2000.0,5.70,USP-28
Cc1cc(-c2cc(CCNC(=O)c3sc4nc(C)ccc4c3N)ccc2N2CCNCC2)ccn1,2000.0,5.70,USP-28
Cc1ccc2c(N)c(C(=O)NCCc3ccc(N4CCNCC4)c(-c4ccccn4)c3)sc2n1,2000.0,5.70,USP-28
Cc1ccc2c(N)c(C(=O)NCCc3cccc(C(=O)O)c3)sc2n1.Cl,2000.0,5.70,USP-28
CCNc1ccc2c(N)c(C(=O)NCCc3ccc(N4CCNCC4)cc3)sc2n1,200.0,6.70,USP-25
CC(C)Nc1ccc2c(N)c(C(=O)NCCc3ccc(N4CCNCC4)cc3)sc2n1,200.0,6.70,USP-28
CNC1CN(c2cc(F)c(CCNC(=O)c3sc4nc(C)ccc4c3N)cc2F)C1,200.0,6.70,USP-28
Cc1ccc2c(N)c(C(=O)NCCc3cnc(N4CCNCC4)c(Cl)c3)sc2n1,200.0,6.70,USP-28
C[C@@H](O)c1ccc2c(N)c(C(=O)NCCc3ccc(N4CCNCC4)cc3)sc2n1,200.0,6.70,USP-28
Cc1ccc2c(N)c(C(=O)NC[C@H](C)c3cc(F)c(N4CCNCC4)cc3F)sc2n1,200.0,6.70,USP-28
Cc1cnc2c(N)c(C(=O)NCCc3cc(F)c(N4CCNCC4)cc3F)sc2n1.Cl,2000.0,5.70,USP-28
Cc1cnc2c(N)c(C(=O)NCCc3cc(F)c(N4CC5CCC(C4)N5)cc3F)sc2n1,200.0,6.70,USP-25
Cc1cnc2c(N)c(C(=O)NCCc3c(F)cc(N4CC5CCC(C4)N5)cc3F)sc2n1,200.0,6.70,USP-28
Cc1cnc2c(N)c(C(=O)NC[C@H](C)c3ccc(N4CC5CCC(C4)N5)cc3F)sc2n1,200.0,6.70,USP-28
Cc1cnc2c(N)c(C(=O)NC[C@@H](C)c3ccc(N4CC5CCC(C4)N5)c(C#N)c3)sc2n1,2000.0,5.70,USP-28
Cc1ccc2c(N)c(C(=O)NCCc3cccc(CC(=O)O)c3)sc2n1.Cl,2000.0,5.70,USP-28
CC(C)Oc1ccc2c(N)c(C(=O)NCCc3ccc(N4CCNCC4)cc3)sc2n1,200.0,6.70,USP-28
Cc1ccc2c(N)c(C(=O)NC[C@@H](C)c3ccc(N4CCNCC4)cc3)sc2n1.Cl,200.0,6.70,USP-28
Cc1ccc2c(N)c(C(=O)NC[C@@H](C)c3ccc(N4CC5CCC(C4)N5)cc3F)sc2n1,200.0,6.70,USP-28
Cc1ccc2c(N)c(C(=O)NCCc3ccc(N4CCn5ccnc5C4)cc3)sc2n1,200.0,6.70,USP-28
Cc1ccc2c(N)c(C(=O)NCCc3ccc(N4CCNCC4)c(C4CC4)c3)sc2n1,200.0,6.70,USP-25
Cc1ccc2c(N)c(C(=O)NCCc3ccc(C4CCNCC4)cc3)sc2n1,200.0,6.70,USP-25
Cc1ccc2c(N)c(C(=O)NCCc3ccc(N4CC5CCC(C4)N5)c(C#N)c3)sc2n1,200.0,6.70,USP-25
Cc1ccc2c(N)c(C(=O)NCCc3ccc(N4CCNCC4)c(Cl)c3)sc2n1,200.0,6.70,USP-28
Cc1ccc2c(N)c(C(=O)NCCc3ccc4c(c3)CNCC4)sc2n1,200.0,6.70,USP-28
Cc1nc2sc(C(=O)NC[C@H](C)c3ccc(N4CC5CCC(C4)N5)c(F)c3)c(N)c2cc1F,200.0,6.70,USP-28
N#Cc1ccc2c(N)c(C(=O)NCCc3cc(F)c(N4CCNCC4)cc3F)sc2n1,2000.0,5.70,USP-28
Cc1ccc2c(N)c(C(=O)NCCc3ccc(N4CCNCC4)c(-c4ccccc4)c3)sc2n1,200.0,6.70,USP-28
Nc1c(C(=O)NCCc2ccc(N3CCNCC3)cc2)sc2ncc(C(F)F)cc12,2000.0,5.70,USP-28
CN[C@@H]1CCN(c2ccc(CCNC(=O)c3sc4nc(C)ccc4c3N)cc2Cl)C1,200.0,6.70,USP-28
Cc1ccc2c(N)c(C(=O)NCCc3ccc(N4CC5(CCCN5)C4)cc3)sc2n1,200.0,6.70,USP-25
Cc1ccc2c(N)c(C(=O)NCCc3ccc(N4CCC5(CC4)CNC5)cc3)sc2n1,200.0,6.70,USP-25
Cc1ccc2c(N)c(C(=O)NCCc3ccc(N4CCNCC4)cc3)sc2n1,200.0,6.70,USP-28
COCCN1CCN(c2ccc(CCNC(=O)c3sc4nc(C)ccc4c3N)cc2)CC1,200.0,6.70,USP-28
Cc1cc2c(N)c(C(=O)NCCc3ccc(N4CCNCC4)c(Cl)c3)sc2nc1C,2000.0,5.70,USP-28
Nc1c(C(=O)NCCc2ccc(N3CCNCC3)cc2)sc2nc(C(F)(F)F)ccc12,2000.0,5.70,USP-28
Cc1ccc2c(N)c(C(=O)NCCc3ccc(N4CCCC5(CCNCC5)C4)cc3)sc2n1,200.0,6.70,USP-25
Cc1ccc2c(N)c(C(=O)NCCc3ccc(N4CCNCC4)c(-c4cnn(C5CCOCC5)c4)c3)sc2n1,2000.0,5.70,USP-28
Cc1ccc2c(N)c(C(=O)NCCc3ccc(C4CCNCC4)cc3F)sc2n1,200.0,6.70,USP-25
Cc1ccc2c(N)c(C(=O)NCCc3ccc(N4CCNCC4)c(O)c3)sc2n1,200.0,6.70,USP-28
Cc1cnc2c(N)c(C(=O)NCCc3ccc(N4CCNCC4)c(Cl)c3)sc2n1,200.0,6.70,USP-28
Cc1cnc2c(N)c(C(=O)NC[C@@H](C)c3cc(F)c(N4CC5CCC(C4)N5)cc3F)sc2n1,2000.0,5.70,USP-28
Cc1cnc2c(N)c(C(=O)NCCc3ccc(N4CCNCC4)cc3)sc2n1,2000.0,5.70,USP-28
Nc1c(C(=O)NCCc2ccc(N3CCNCC3)c(Cl)c2)sc2ncc(F)cc12,2000.0,5.70,USP-28
Cc1ccc2c(N)c(C(=O)NCCc3ccc(N4CCOC5(CCNCC5)C4)cc3)sc2n1,200.0,6.70,USP-28
Cc1cnc2sc(C(=O)NCCc3ccc(N4CCNCC4)c(Cl)c3)c(N)c2c1,2000.0,5.70,USP-28
Cc1ccc2c(N)c(C(=O)NCCc3ccc(N4CCNCC4)c(C(F)(F)F)c3)sc2n1,200.0,6.70,USP-28
OCCNCc1cc(Br)ccc1OCc1ccc(F)c(C(F)(F)F)c1,600.0,6.22,USP-28
CN[C@H]1CCN(c2cc(F)c(CCNC(=O)c3sc4nc(C)ccc4c3N)cc2F)C1,200.0,6.70,USP-28
Cc1nc2sc(C(=O)NCCc3cc(F)c(N4CCNCC4)cc3F)c(N)c2cc1F,200.0,6.70,USP-28
CNC1CCN(c2ccc(CCNC(=O)c3sc4nc(C)ccc4c3N)cc2)CC1,200.0,6.70,USP-28
Cc1ccc2c(N)c(C(=O)NCCc3ccc(-n4ncc5c4CNC5)c(F)c3)sc2n1,2000.0,5.70,USP-28
Cc1ccc2c(N)c(C(=O)NCCc3ccc(N4CC[C@H](N(C)C)C4)cc3)sc2n1,200.0,6.70,USP-28
CC(=O)Nc1ccc2c(N)c(C(=O)NCCc3ccc(N4CCNCC4)cc3)sc2n1,2000.0,5.70,USP-28
Cc1ccc2c(N)c(C(=O)NC[C@H](C)c3ccc(N4CCNCC4)cc3)sc2n1.Cl,200.0,6.70,USP-28
Nc1c(C(=O)NCCc2ccc(N3CCNCC3)cc2)sc2nc(Cl)ccc12,200.0,6.70,USP-28
Cc1ccc2c(N)c(C(=O)NCCc3c(F)cc(N4CCNCC4)cc3F)sc2n1,200.0,6.70,USP-28
Cc1cc(C(F)(F)F)c2c(N)c(C(=O)NCCc3ccc(N4CCNCC4)c(F)c3)sc2n1.Cl,200.0,6.70,USP-28
CNc1ccc2c(N)c(C(=O)NCCc3ccc(N4CCNCC4)cc3)sc2n1,200.0,6.70,USP-28
Cc1ccc2c(N)c(C(=O)NCCc3ccc(N4CC[C@@H](N(C)C)C4)cc3)sc2n1,200.0,6.70,USP-28
Cc1ccc2c(N)c(C(=O)NCCc3ccc(N4CC[C@H]5CNC[C@H]5C4)cc3)sc2n1,200.0,6.70,USP-28
Cc1ccc2c(N)c(C(=O)NCCc3ccc(N4CCC5(CCNC5)CC4)cc3)sc2n1,200.0,6.70,USP-28
CN[C@@H]1CCN(c2ccc(CCNC(=O)c3sc4nc(C)ccc4c3N)cc2)C1,200.0,6.70,USP-28
Cc1ccc2c(N)c(C(=O)NCCc3cc(F)c(N4CCN[C@H](C)C4)cc3F)sc2n1,10000.0,5.00,USP-28
Cc1ccc2c(N)c(C(=O)NC[C@@H](C)c3cc(F)c(N4CCNCC4)cc3F)sc2n1,200.0,6.70,USP-28
Cc1nc2sc(C(=O)NCCc3ccc(N4CCNCC4)c(Cl)c3)c(N)c2cc1F,200.0,6.70,USP-28
Cc1ccc2c(N)c(C(=O)NCCc3ccc(N4CCN(CCN5CCCC5)CC4)cc3)sc2n1,2000.0,5.70,USP-28
N#CN1CC[C@@H](NC(=O)c2cc(-c3cccnc3)[nH]n2)C1,100.0,7.00,USP-30
Cc1nn(C)cc1-c1ccn2c(C(=O)N(C)[C@@H]3CCN(C#N)C3)cnc2c1,100.0,7.00,USP-30
CN(C(=O)N1CC(c2ccccc2)C1)[C@@H]1CCN(C#N)C1,100.0,7.00,USP-30
N#CN1C[C@H]2CCN(C(=O)Nc3ccc(Cl)cc3F)[C@H]2C1,100.0,7.00,USP-30
CC(C)(C)NS(=O)(=O)c1ccc(NC(=O)[C@H](CC2CCCCC2)NC(=O)c2ccccc2F)cc1,461.0,6.34,USP-30
CC(C)(C)NS(=O)(=O)c1ccc(NC(=O)[C@H](Cc2ccccc2)NC(=O)c2ccccn2)cc1,250.0,6.60,USP-30
CC(C)(C)NS(=O)(=O)c1cccc2c(NC(=O)[C@H](Cc3ccc(C#N)cc3)NC(=O)c3ccccc3)cccc12,273.0,6.56,USP-30
CC(C)(C)NS(=O)(=O)c1cccc2c(NC(=O)[C@H](Cc3ccc(O)cc3)NC(=O)c3ccccc3)cccc12,520.0,6.28,USP-30
Cc1noc(C)c1-c1ccc2nc(C(=O)N(C)[C@@H]3CCN(C#N)C3)[nH]c2c1,100.0,7.00,USP-30
N#CN1CC[C@@H](NC(=O)c2cc(-c3ccc(C(F)(F)F)cc3)no2)C1,100.0,7.00,USP-30
CN(C(=O)Nc1ccnc(N2Cc3ccccc3C2)c1)[C@@H]1CCN(C#N)C1,100.0,7.00,USP-30
N#CN1CC[C@H](NC(=O)c2ccc(-c3ccncc3)cc2)C1,1000.0,6.00,USP-30
N#CN1C[C@H]2CCN(C(=O)c3cc(-c4ccccc4)no3)[C@H]2C1,100.0,7.00,USP-30
COc1c(-c2cnn(C)c2)ccc(C(=O)N[C@@H]2CCN(C#N)C2)c1F,100.0,7.00,USP-30
Cc1cc(-c2ccn3c(C(=O)N(C)[C@@H]4CCN(C#N)C4)cnc3c2)ccn1,100.0,7.00,USP-30
Cn1cc(-c2ccc3nc(C(=O)N[C@@H]4CCN(C#N)C4)c(F)n3c2)cn1,100.0,7.00,USP-30
N#CN1CC[C@@H](NC(=O)N2CCOC(c3ccccc3)C2)C1,100.0,7.00,USP-30
COc1cc(C(=O)N[C@@H]2CCN(C#N)C2)ccc1Nc1ncccn1,100.0,7.00,USP-30
COc1cc(C(=O)N2CC[C@@H]3CN(C#N)C[C@@H]32)ccc1-c1cnn(C)c1,1000.0,6.00,USP-30
N#CN1CC[C@@H](NC(=O)c2ccc(-c3ccncn3)cc2F)C1,100.0,7.00,USP-30
N#CN1CCC(NS(=O)(=O)N2CCN(c3ccccc3)CC2)C1,100.0,7.00,USP-30
N#CN1CCC(N2CCN(c3ccccc3)S2(=O)=O)C1,100.0,7.00,USP-30
COCCOc1ccc(C2CN(C(=O)C[C@@H]3CCN(C#N)C3)C2)cc1,1000.0,6.00,USP-30
N#CN1C[C@H]2CCN(c3ncc(-c4ccccc4)s3)[C@H]2C1,100.0,7.00,USP-30
COc1ccc2nc(N3CC[C@@H]4CN(C#N)C[C@@H]43)[nH]c2c1,100.0,7.00,USP-30
CN(c1nc2ccc(C(F)(F)F)cc2[nH]1)[C@@H]1CCN(C#N)C1,100.0,7.00,USP-30
N#Cc1cccc(-c2cc(NC(=O)C3(F)CCCN(C#N)C3)no2)c1,100.0,7.00,USP-30
CO[C@@H]1CCN(c2cccc(N3CCN([C@@H]4CCN(C#N)C4)S3(=O)=O)c2)C1,100.0,7.00,USP-30
N#CN1CC[C@H](N2CCN(c3cccc(-c4ccccn4)c3)S2(=O)=O)C1,100.0,7.00,USP-30
N#CN1CC[C@@H](N2CCCN(c3ccc(-c4ccccc4)cc3)S2(=O)=O)C1,100.0,7.00,USP-30
N#CN1CCC(CC(=O)N2CC(Oc3ccccc3)C2)C1,100.0,7.00,USP-30
COc1ccc(C2CN(C(=O)C[C@@H]3CCN(C#N)C3)C2)cc1,10.0,8.00,USP-30
COc1ccc(C2CN(C(=O)C[C@@H]3CCN(C#N)C3)C2)cc1-c1ccnn1C,10.0,8.00,USP-30
N#CN1CC[C@H](CC(=O)Nc2cc(-c3cccc(OC(F)(F)F)c3)no2)C1,1.0,9.00,USP-30
N#CN1C[C@H]2[C@@H](C1)OCCN2c1ccc(-c2ccccc2)cn1,100.0,7.00,USP-30
N#Cc1cccc(-n2cnc(NC(=O)[C@@]3(F)CCCN(C#N)C3)c2)c1,100.0,7.00,USP-30
N#CN1CCO[C@@H](C(=O)Nc2cc(-c3cccc(-c4cn[nH]c4)c3)ncn2)C1,1000.0,6.00,USP-30
N#CN1CCO[C@@H](C(=O)Nc2cc(-c3cccc4[nH]ncc34)ncn2)C1,1000.0,6.00,USP-30
N#CN1CCC(NS(=O)(=O)Nc2cccc(-c3ccccc3)c2)C1,100.0,7.00,USP-30
CN1CCN(c2cc(N3CCN([C@@H]4CCN(C#N)C4)S3(=O)=O)ccn2)CC1,100.0,7.00,USP-30
Cc1ccc(NC(=O)C=C2CCN(C#N)C2)cc1C(F)(F)F,100.0,7.00,USP-30
COc1ccc(C2CN(C(=O)C[C@@H]3CCN(C#N)C3)C2)cc1-c1ccn[nH]1,10.0,8.00,USP-30
N#CN1CCC(CC(=O)Nc2nnc(-c3ccccc3)s2)C1,100.0,7.00,USP-30
N#Cc1cccc(-c2nnc(NC(=O)CC3CCN(C#N)C3)o2)c1,100.0,7.00,USP-30
N#CN1C[C@H](NC(=O)c2ccc(N3CCOCC3)c(F)c2)[C@H](C2CC2)C1,100.0,7.00,USP-30
N#CN1CC[C@@H](NC(=O)c2cc3c(c(-c4ncccn4)c2)NCCO3)C1,100.0,7.00,USP-30
CCN(C(=O)N1CC(c2ccccc2)C1)[C@@H]1CCN(C#N)C1,100.0,7.00,USP-30
C[C@H]1CN(c2cc(C(=O)N[C@@H]3CCN(C#N)C3)c(F)cn2)C[C@@H](C)O1,100.0,7.00,USP-30
Cc1nn(C)cc1-c1ccc2nc(C(=O)N[C@@H]3CCN(C#N)C3)c(F)n2c1,100.0,7.00,USP-30
CO[C@H]1CN(C#N)C[C@@H]1N(C)C(=O)c1ccc(-c2cnn(C)c2)cc1,100.0,7.00,USP-30
Cn1cc(-c2ccc3cc(C(=O)N[C@@H]4CCN(C#N)C4)n(C)c3c2)cn1,100.0,7.00,USP-30
Cc1cn(-c2ccc(C(=O)N(C)[C@@H]3CCN(C#N)C3)cc2F)cn1,100.0,7.00,USP-30
N#CN1C[C@H]2CCN(C(=O)c3cc(-c4ccccc4)[nH]n3)[C@H]2C1,100.0,7.00,USP-30
N#CN1C[C@H]2CCN(C(=O)N3CCc4ccccc43)[C@H]2C1,1000.0,6.00,USP-30
N#CN1CC[C@@H](NC(=O)c2cc(-c3ccccn3)ccn2)C1,100.0,7.00,USP-30
N#CN1CC[C@@H](NC(=O)N2CCCN(Cc3ccccc3)CC2)C1,100.0,7.00,USP-30
CC(C)(C)NS(=O)(=O)c1ccc(NC(=O)[C@H](Cc2ccccc2)NC(=O)C2CCCCC2)cc1,59.0,7.23,USP-30
CC(C)(C)NS(=O)(=O)c1cccc2c(NC(=O)[C@H](CCc3ccccc3)NC(=O)c3ccccc3)cccc12,2270.0,5.64,USP-30
N#Cc1ccc(NC(=O)N2CC[C@@H]3CN(C#N)C[C@@H]32)c(F)c1,100.0,7.00,USP-30
N#CN1CC[C@@H](NC(=O)c2cc(-c3ccncc3)no2)C1,100.0,7.00,USP-30
N#CN1CCC(NC(=O)Nc2ccc(C(F)(F)F)cc2)C1,100.0,7.00,USP-30
Cn1cc(-c2ccc3nc(C(=O)N[C@@H]4CCN(C#N)C4)[nH]c3c2)cn1,100.0,7.00,USP-30
Cn1cc(-c2ccc(C(=O)N[C@@H]3CCN(C#N)C3)cn2)cn1,100.0,7.00,USP-30
N#CN1CC[C@@H](NC(=O)c2ccc(-c3ccccn3)cn2)C1,100.0,7.00,USP-30
COc1cc(C(=O)N2CC[C@@H]3CN(C#N)C[C@@H]32)ccc1-c1ccncc1Cl,100.0,7.00,USP-30
C[C@H]1CN(C#N)C[C@@H]1NC(=O)c1ncc(-c2ccccc2)s1,1000.0,6.00,USP-30
N#CN1CC[C@@H](NC(=O)c2ccc(-c3ccnc(C(F)(F)F)n3)cc2F)C1,100.0,7.00,USP-30
N#CN1CCC(NC(=O)c2cccc(N3CCC(Oc4ccccc4)CC3)n2)C1,1000.0,6.00,USP-30
Cn1cc(-c2ccc3cc(C(=O)N[C@@H]4CCN(C#N)C4)[nH]c3c2)cn1,100.0,7.00,USP-30
Cn1cc(-c2ccc(C(=O)NC3(C)CCN(C#N)C3)c(F)c2)cn1,1000.0,6.00,USP-30
N#CN1CCC(NC(=O)c2nc(-c3ccccc3)cs2)C1,100.0,7.00,USP-30
N#CN1CCC(NC(=O)C2CC(=O)N(Cc3ccc(F)cc3F)C2)C1,100.0,7.00,USP-30
N#CN1CC[C@@H](N2c3ccccc3N(Cc3cccnc3)S2(=O)=O)C1,1000.0,6.00,USP-30
N#CN1CC[C@@H](N2CCN(C3CCN(c4ccccn4)C3)S2(=O)=O)C1,100.0,7.00,USP-30
N#CN1CCC(NC(=O)C2CC(=O)N(c3ccccc3)C2)C1,1000.0,6.00,USP-30
N#CN1CC[C@@H](NC(=O)C2CCN(c3ccccc3)C2)C1,100.0,7.00,USP-30
N#CN1CC[C@@H](NC(=O)c2cc(-c3ccccc3)cnn2)C1,100.0,7.00,USP-30
Cc1nn(C)cc1-c1ccc2nc(C(=O)N[C@@H]3CCN(C#N)C3)cn2c1,100.0,7.00,USP-30
N#CN1CC[C@@H](NC(=O)N2CCCN(Cc3c(F)cccc3Cl)CC2)C1,100.0,7.00,USP-30
N#CN1CC[C@@H](NC(=O)N2CCc3c([nH]c4ccccc34)C2)C1,100.0,7.00,USP-30
N#CN1CC[C@@H](NC(=O)c2ncc(-c3ccn4nccc4n3)cc2F)C1,100.0,7.00,USP-30
N#CN1CCCC(NC(=O)Nc2cccc(Cc3ccccc3)c2)C1,10000.0,5.00,USP-30
CN(Cc1ccccc1)c1ccc(C(=O)NC2CCN(C#N)C2)cn1,100.0,7.00,USP-30
Cc1noc(C)c1-c1ccc(C(=O)NC2CCN(C#N)C2)cc1,100.0,7.00,USP-30
N#CN1CCC(NC(=O)c2ccc(N3CCN(c4ccc(F)cc4F)CC3)nc2)C1,100.0,7.00,USP-30
CN(c1ccc(C(=O)N[C@@H]2CCN(C#N)C2)c(F)c1)S(=O)(=O)c1ccccc1,100.0,7.00,USP-30
N#CN1CCC(NC(=O)c2ccc(N3CCC(Oc4ccccc4)CC3)nc2)C1,100.0,7.00,USP-30
N#Cc1cc(F)c(NC(=O)N2CC[C@@H]3CN(C#N)C[C@@H]32)cc1F,100.0,7.00,USP-30
N#CN1CC[C@@H](NC(=O)N2CC(c3ccccc3)C2)C1,100.0,7.00,USP-30
N#CN1CC[C@@H](NC(=O)c2ccnc(N3Cc4ccccc4C3)c2)C1,100.0,7.00,USP-30
CN(C(=O)c1nc2ccc(-c3cnn(C)c3)cc2[nH]1)[C@@H]1CCN(C#N)C1,100.0,7.00,USP-30
N#CN1CC[C@@H](NC(=O)c2n[nH]c3ccccc23)C1,100.0,7.00,USP-30
CC(C)(C)NS(=O)(=O)c1ccc(NC(=O)[C@H](Cc2ccccc2)NC(=O)C2CCCCC2)cc1F,275.0,6.56,USP-30
Cn1cc(-c2cc(C(=O)N[C@@H]3CCN(C#N)C3)ccc2F)cn1,100.0,7.00,USP-30
N#CN1CCC(NC(=O)c2cc(-c3ccccc3)nc3ccccc23)C1,1000.0,6.00,USP-30
CO[C@@H]1CCN(c2ccc(C(=O)N[C@H]3CN(C#N)C[C@@H]3C)c(F)c2)C1,100.0,7.00,USP-30
Cc1cc(C(=O)N[C@@H]2CCN(C#N)C2)nn1C(C)c1ccccc1,100.0,7.00,USP-30
N#CN1CC[C@@H](NC(=O)c2ncc(-c3ccc4nccn4c3)cc2F)C1,100.0,7.00,USP-30
CN(C(=O)Nc1ccc(-c2cnn(C)c2)cc1)[C@@H]1CCN(C#N)C1,100.0,7.00,USP-30
CN(C(=O)Nc1cccc(Cc2ccccc2)c1)C1CCN(C#N)C1,100.0,7.00,USP-30
Cn1cc(-c2cnc(C(=O)N[C@@H]3CCN(C#N)C3)nc2)cn1,100.0,7.00,USP-30
CC(C)Cn1nc(C(=O)N[C@@H]2CCN(C#N)C2)c2ccc(-c3cnn(C)c3)cc21,100.0,7.00,USP-30
N#CN1C[C@@H](F)[C@H](NC(=O)c2ccc(-c3ccccc3)cc2)C1,100.0,7.00,USP-30
N#CN1CC[C@@H](N2Cc3cc(-c4ccccc4)ccc3NS2(=O)=O)C1,1000.0,6.00,USP-30
N#CN1CC[C@@H](NS(=O)(=O)N2CCc3ccccc3C2)C1,1000.0,6.00,USP-30
N#CN1CCC(NS(=O)(=O)N2CCc3ccccc32)C1,1000.0,6.00,USP-30
N#CN1CC[C@@H](N2CCN(c3nccc(N4CCOCC4)n3)S2(=O)=O)C1,100.0,7.00,USP-30
COc1ccc(C2CN(C(=O)C=C3CCN(C#N)C3)C2)cc1,100.0,7.00,USP-30
N#CN1CCO[C@@H](C(=O)Nc2cc(-c3cccc(Cl)c3)cnn2)C1,100.0,7.00,USP-30
N#CN1CCO[C@@H](C(=O)Nc2cc3cc(-c4cn[nH]c4)ccc3cn2)C1,1000.0,6.00,USP-30
N#CN1CC[C@@H](NC(=O)c2ncc(-c3ccccc3)cn2)C1,100.0,7.00,USP-30
Cn1cc(C2CCN(C(=O)N[C@@H]3CCN(C#N)C3)C2)cn1,1000.0,6.00,USP-30
Cn1cc(-c2ccn3c(C(=O)N[C@@H]4CCN(C#N)C4)ncc3c2)cn1,100.0,7.00,USP-30
Cc1cn(-c2ccc(C(=O)N[C@@H]3CCN(C#N)C3)c(F)c2)cn1,100.0,7.00,USP-30
CC(C)(C)NS(=O)(=O)c1ccc(NC(=O)[C@H](Cc2ccccc2)NC(=O)c2cccnn2)cc1,148.0,6.83,USP-30
Cc1ccc(C(=O)N[C@@H](Cc2ccccc2)C(=O)Nc2cccc3c(S(=O)(=O)NC(C)(C)C)cccc23)cc1,2500.0,5.60,USP-30
Cc1nn(C)cc1-c1cnc(C(=O)N[C@@H]2CCN(C#N)C2)c(F)c1,100.0,7.00,USP-30
N#CN1CC[C@@H](N2CCCN(c3nc(-c4ccccc4)cs3)C2=O)C1,100.0,7.00,USP-30
N#CN1C[C@H]2CCN(C(=O)N3CC(c4ccccc4)C3)[C@H]2C1,100.0,7.00,USP-30
CN(Cc1ccccc1)c1cccc(C(=O)NC2CCN(C#N)C2)n1,1000.0,6.00,USP-30
Cn1cc(-c2ccc3c(C(=O)N[C@@H]4CCN(C#N)C4)n[nH]c3c2)cn1,100.0,7.00,USP-30
N#CN1CC[C@@H](NC(=O)N2CC(c3nc4ccccc4[nH]3)C2)C1,100.0,7.00,USP-30
COc1ccc2c(c1)CCN(S(=O)(=O)N[C@@H]1CCN(C#N)C1)C2,100.0,7.00,USP-30
COC1CN(c2cc(N3CCN([C@@H]4CCN(C#N)C4)S3(=O)=O)ccn2)C1,100.0,7.00,USP-30
Cc1cc(C2CN(C(=O)CC3CCN(C#N)C3)C2)ccn1,1000.0,6.00,USP-30
CN(Cc1cc(-c2ccccc2)no1)C(=O)C=C1CCN(C#N)C1,100.0,7.00,USP-30
N#CN1CC[C@H](NC(=O)c2cccc(-c3ccccc3)n2)C1,1000.0,6.00,USP-30
CN(C(=O)c1ccc(-c2ccccc2)cc1)C1CCN(C#N)C1,100.0,7.00,USP-30
CC(C)(C)NS(=O)(=O)c1ccc(NC(=O)[C@H](CC2CCCCC2)NC(=O)C2CCCCC2)cc1,83.0,7.08,USP-30
CC(C)(C)NS(=O)(=O)c1ccc(NC(=O)[C@H](CC2CCCCC2)NC(=O)c2ccccc2)cc1,225.0,6.65,USP-30
CC(C)(C)NS(=O)(=O)c1ccc(NC(=O)[C@H](Cc2ccccc2)NC(=O)c2ccc(F)cc2)cc1,17.0,7.77,USP-30
CC(C)(C)NS(=O)(=O)c1cccc2c(NC(=O)[C@H](Cc3ccccc3)NC(=O)C3CCC(F)(F)CC3)cccc12,98.0,7.01,USP-30
N#CN1CC[C@@H](NC(=O)c2cc(N3Cc4ccccc4C3)ncc2F)C1,100.0,7.00,USP-30
COCCN(C(=O)Nc1ccc(C(F)(F)F)cc1)C1CCN(C#N)C1,100.0,7.00,USP-30
CN(C(=O)c1cn2cc(-c3cnn(C)c3)ccc2n1)[C@@H]1CCN(C#N)C1,100.0,7.00,USP-30
COCCn1cc(-c2ccc(C(=O)N[C@@H]3CCN(C#N)C3)c(F)c2)cn1,100.0,7.00,USP-30
N#CN1CC[C@@H](N2CCCN(c3ccc4nc(C(F)(F)F)[nH]c4c3)S2(=O)=O)C1,1000.0,6.00,USP-30
N#CN1CCC(CC(=O)Nc2ccc(Cl)c(Cl)c2)C1,100.0,7.00,USP-30
N#CN1CCCC(F)(C(=O)Nc2cc(-c3ccccc3)on2)C1,100.0,7.00,USP-30
N#CN1CCOC(C(=O)Nc2cc(-c3ccccc3)on2)C1,1000.0,6.00,USP-30
CC(C)(C)NS(=O)(=O)c1ccc(NC(=O)[C@H](Cc2ccccc2)NC(=O)C2CCCC2)cc1,71.0,7.15,USP-30
COc1ccc(C[C@H](NC(=O)c2ccccc2)C(=O)Nc2cccc3c(S(=O)(=O)NC(C)(C)C)cccc23)cc1,89.0,7.05,USP-30
CC(C)(C)NS(=O)(=O)c1cccc2c(NC(=O)[C@H](Cc3ccc(F)cc3)NC(=O)c3ccccc3)cccc12,153.0,6.82,USP-30
CC(C)(C)NS(=O)(=O)c1cccc2c(NC(=O)[C@H](CC3CCCCC3)NC(=O)c3ccccc3)cccc12,666.0,6.18,USP-30
CC(C)(C)NS(=O)(=O)c1cccc2c(NC(=O)[C@H](Cc3ccccc3)NC(=O)c3ccc[nH]3)cccc12,1900.0,5.72,USP-30
CC(C)(C)NS(=O)(=O)c1cccc2c(NC(=O)[C@H](Cc3ccccc3)NC(=O)C3CCCC3)cccc12,366.0,6.44,USP-30
CC(C)(C)NS(=O)(=O)c1cccc2c(NC(=O)[C@H](Cc3ccccc3)NC(=O)c3cccs3)cccc12,1800.0,5.75,USP-30
CC(C)(C)NS(=O)(=O)c1cccc2c(NC(=O)[C@H](Cc3ccccc3)NC(=O)c3ccccc3)cccc12,273.0,6.56,USP-30
N#CN1CC[C@@H](NC(=O)N2CC(Oc3ccccc3)C2)C1,100.0,7.00,USP-30
CC(C)(C)NS(=O)(=O)c1ccc(NC(=O)[C@H](Cc2cccnc2)NC(=O)c2ccc(F)cc2)cc1,16.0,7.80,USP-30
CN(C(=O)N1CCOC(c2ccccc2)C1)[C@@H]1CCN(C#N)C1,100.0,7.00,USP-30
N#CN1CC[C@@H](NC(=O)N2CCC(c3ccccc3)C2)C1,100.0,7.00,USP-30
N#CN1CC[C@@H](NC(=O)c2cc(-c3cccnc3)no2)C1,100.0,7.00,USP-30
COc1cc(-c2cnn(C)c2)ccc1C(=O)N[C@@H]1CCN(C#N)C1,100.0,7.00,USP-30
CN1c2cc(-c3ccccc3)ccc2CN([C@@H]2CCN(C#N)C2)S1(=O)=O,100.0,7.00,USP-30
CN1c2ccccc2N([C@@H]2CCN(C#N)C2)S1(=O)=O,1000.0,6.00,USP-30
N#CN1C[C@@H]2OCCN(c3ncc(-c4ccccc4)s3)[C@H]2C1,100.0,7.00,USP-30
N#CN1CCC[C@](F)(C(=O)Nc2ccc(-c3ccn[nH]3)cn2)C1,100.0,7.00,USP-30
N#Cc1cccc(-c2cc(NC(=O)C3(F)CCCN(C#N)C3)ncn2)c1,100.0,7.00,USP-30
N#Cc1ccnc(-c2ccnc(NC(=O)C3CN(C#N)CCO3)c2)c1,1000.0,6.00,USP-30
N#CN1CCCC(F)(C(=O)Nc2ncc(-c3ccccc3)s2)C1,100.0,7.00,USP-30
N#CN1CCO[C@@H](C(=O)Nc2cc(-c3cccc(C(N)=O)c3)ncn2)C1,1000.0,6.00,USP-30
N#Cc1cc(-c2ccnc(NC(=O)C3CN(C#N)CCO3)c2)ccn1,100.0,7.00,USP-30
N#CN1CC[C@@H](N2Cc3ccnc(N4CCOCC4)c3NS2(=O)=O)C1,1000.0,6.00,USP-30
N#CN1CC[C@@H](N2Cc3cccc(N4CCOCC4)c3NS2(=O)=O)C1,1000.0,6.00,USP-30
CN1c2ccccc2CN([C@@H]2CCN(C#N)C2)S1(=O)=O,1000.0,6.00,USP-30
N#CN1CC[C@@H](N2c3ccccc3N(Cc3ccccc3)S2(=O)=O)C1,100.0,7.00,USP-30
N#CN1CC[C@@H](NS(=O)(=O)N2CCc3cc(-c4ccccc4)ccc32)C1,100.0,7.00,USP-30
N#CN1CCC(NS(=O)(=O)N2CCC(c3ccccc3)CC2)C1,100.0,7.00,USP-30
N#CN1CCC(NS(=O)(=O)Nc2ccc(-c3ccccc3)cc2)C1,100.0,7.00,USP-30
N#CN1CC[C@H](N2CCN(c3cccc(-c4cccnc4)c3)S2(=O)=O)C1,100.0,7.00,USP-30
N#CN1CC[C@@H](N2CCN(c3ccc4nc(C(F)(F)F)[nH]c4c3)S2(=O)=O)C1,100.0,7.00,USP-30
C[C@H]1CN(C#N)C[C@@H]1N1CCN(c2cccc(N3CCN(C)CC3)c2)S1(=O)=O,100.0,7.00,USP-30
N#CN1CC[C@@H](N2CCCN(c3cc(-c4ccccc4)no3)S2(=O)=O)C1,100.0,7.00,USP-30
N#CN1CC[C@@H](N2CCN(c3ccc4c(c3)OCC(=O)N4)S2(=O)=O)C1,100.0,7.00,USP-30
N#CN1CCC(CC(=O)Nc2nc3ccc(Cl)cc3s2)C1,100.0,7.00,USP-30
N#CN1CCC(CC(=O)Nc2ncc(-c3ccccc3)s2)C1,100.0,7.00,USP-30
COc1cccc(C2CN(C(=O)CC3CCN(C#N)C3)C2)c1,100.0,7.00,USP-30
Cc1noc(C)c1-c1ccc2nc(NC(=O)CC3CCN(C#N)C3)cn2c1,1000.0,6.00,USP-30
CN(Cc1cccc(-c2ccncc2)c1)C(=O)C=C1CCN(C#N)C1,100.0,7.00,USP-30
CN(C(=O)C=C1CCN(C#N)C1)c1nc2ccccc2s1,100.0,7.00,USP-30
CN(Cc1ccc(Cl)c(Cl)c1)C(=O)C=C1CCN(C#N)C1,100.0,7.00,USP-30
N#Cc1ccc(NC(=O)CC2CCN(C#N)C2)nc1,1000.0,6.00,USP-30
N#CN1CC[C@@H](CC(=O)Nc2nnc(-c3cccc(Cl)c3)o2)C1,100.0,7.00,USP-30
N#Cc1ccc(C2CN(C(=O)C[C@@H]3CCN(C#N)C3)C2)cc1,100.0,7.00,USP-30
N#CN1CC[C@@H](CC(=O)Nc2nnc(-c3ccccc3)s2)C1,100.0,7.00,USP-30
N#Cc1cc(-c2ccc(N3CCO[C@@H]4CN(C#N)C[C@@H]43)nc2)ccn1,1.0,9.00,USP-30
N#Cc1cc(-c2ccc(N3CCO[C@H]4CN(C#N)C[C@H]43)nn2)ccn1,10.0,8.00,USP-30
N#CN1CCO[C@@H](C(=O)Nc2cc(-c3ccccc3)ccn2)C1,100.0,7.00,USP-30
CC(C)(C)NS(=O)(=O)c1ccc(NC(=O)[C@H](CC2CCCCC2)NC(=O)c2ccc(F)cc2)cc1,23.0,7.64,USP-30
CC(C)(C)NS(=O)(=O)c1cccc2c(NC(=O)[C@H](Cc3ccccc3)NC(=O)c3ccc(C#N)cc3)cccc12,269.0,6.57,USP-30
CC(C)(C)NS(=O)(=O)c1cccc2c(NC(=O)[C@H](Cc3ccccc3)NC(=O)c3ccc(Cl)cc3)cccc12,833.0,6.08,USP-30
N#CN1CCC(NC(=O)Cc2ccc(-c3ccccc3)cc2)C1,1000.0,6.00,USP-30
N#CN1CC[C@@H](NC(=O)c2cc(-c3ccncc3)on2)C1,100.0,7.00,USP-30
CC(C)(C)NS(=O)(=O)c1ccc(NC(=O)[C@@H](Cc2ccccc2)NC(=O)C2CCCCC2)cc1,28.0,7.55,USP-30
Cc1nc(-c2ccc(C(=O)N[C@@H]3CCN(C#N)C3)nc2)cc(C(F)(F)F)n1,100.0,7.00,USP-30
C[C@H]1CN(C#N)C[C@@H]1N1CCN(c2cccc(N3CCOCC3)c2)S1(=O)=O,100.0,7.00,USP-30
N#CN1CC[C@@H](NC(=O)c2ccc(-c3cnc4nccn4c3)cc2F)C1,100.0,7.00,USP-30
N#CN1CC[C@@H](N2CCN(c3ccc(N4CCOCC4)cc3)S2(=O)=O)C1,100.0,7.00,USP-30
CO[C@@H]1CCN(c2cc(N3CCN([C@@H]4CCN(C#N)C4)S3(=O)=O)ccn2)C1,100.0,7.00,USP-30
N#CN1CC[C@@H](N2CCCN(c3cccc(N4CCOCC4)c3)S2(=O)=O)C1,1000.0,6.00,USP-30
N#Cc1cccc(-c2ccnc(NC(=O)C3(F)CCCN(C#N)C3)c2)c1,1000.0,6.00,USP-30
CC(C)Oc1cccc(-c2cc(NC(=O)[C@H]3CN(C#N)CCO3)ncn2)c1,1000.0,6.00,USP-30
N#CN1CCOC(C(=O)Nc2ccc(-c3ccccc3)cn2)C1,1000.0,6.00,USP-30
N#CN1CCOC(C(=O)Nc2cc(-c3ccccc3)n[nH]2)C1,1000.0,6.00,USP-30
CC(C)(C)NS(=O)(=O)c1ccc(NC(=O)[C@H](Cc2cccs2)NC(=O)c2ccccn2)cc1,200.0,6.70,USP-30
COc1ccc(C[C@H](NC(=O)c2ccc(F)cc2)C(=O)Nc2ccc(S(=O)(=O)NC(C)(C)C)cc2)cc1,22.0,7.66,USP-30
CN(C(=O)N1CC(Oc2ccccc2)C1)[C@@H]1CCN(C#N)C1,100.0,7.00,USP-30
N#CN1CC[C@@H](N2Cc3ccc(-c4ccccc4)cc3NS2(=O)=O)C1,100.0,7.00,USP-30
Cn1cc(-c2ccc3c(c2)NS(=O)(=O)N([C@@H]2CCN(C#N)C2)C3)cn1,100.0,7.00,USP-30
Cn1cc(-c2cccc(N3CCCN([C@@H]4CCN(C#N)C4)S3(=O)=O)c2)cn1,100.0,7.00,USP-30
N#CN1CC[C@H](CC(=O)Nc2cc(-c3ccc(Cl)cc3)no2)C1,100.0,7.00,USP-30
N#Cc1ccc(C2CN(C(=O)C[C@@H]3CCN(C#N)C3)C2)nc1,100.0,7.00,USP-30
COc1cccc(C2CN(C(=O)C[C@@H]3CCN(C#N)C3)C2)c1F,10.0,8.00,USP-30
N#Cc1cccc(-c2ccc(N3CCO[C@H]4CN(C#N)C[C@H]43)nc2)n1,10.0,8.00,USP-30
N#CN1CCC[C@](F)(C(=O)Nc2ccc(-c3ccnc4[nH]ncc34)cn2)C1,100.0,7.00,USP-30
CS(=O)(=O)N1CCN(C#N)CC1C(=O)Nc1ncc(-c2ccccc2)s1,1000.0,6.00,USP-30
N#Cc1ccnc(N2CCC(NC(=O)[C@H]3CN(C#N)CCO3)C2)c1,1000.0,6.00,USP-30
N#CN1CC(C(=O)Nc2cn(-c3ccccc3)cn2)CC(F)(F)C1,1000.0,6.00,USP-30
N#CN1CCCC(F)(C(=O)Nc2ccc(-c3cc[nH]n3)cn2)C1,100.0,7.00,USP-30
COc1cccc(-c2cc(NC(=O)[C@H]3CN(C#N)CCO3)ncn2)c1,1000.0,6.00,USP-30
N#CN1CCO[C@@H](C(=O)Nc2cc(-c3cccc(Cl)c3)ncn2)C1,100.0,7.00,USP-30
N#CN1CCO[C@@H](C(=O)Nc2ncc(-c3ccccc3)s2)C1,100.0,7.00,USP-30
COc1ccc(-c2cc(C(=O)N3CC[C@@H]4CN(C#N)C[C@@H]43)on2)cc1,100.0,7.00,USP-30
Cn1cc(-c2cc(F)c(C(=O)N[C@@H]3CCN(C#N)C3)c(F)c2)cn1,100.0,7.00,USP-30
Cn1cc(-c2ccc(C(=O)N[C@@H]3CCN(C#N)C3)nc2)cn1,100.0,7.00,USP-30
Cc1cc(C(=O)N[C@@H]2CCN(C#N)C2)nn1Cc1ccccn1,100.0,7.00,USP-30
N#CN1CC[C@@H](NC(=O)c2ccc(-c3ccnnc3)cc2F)C1,100.0,7.00,USP-30
Cn1cc(-c2ccn3c(C(=O)N[C@@H]4CCN(C#N)C4)cnc3c2)cn1,100.0,7.00,USP-30
CN(C(=O)Nc1ccc(Cl)cc1Cl)C1CCN(C#N)C1,100.0,7.00,USP-30
N#CN1CC[C@@H](NC(=O)c2cccc(-c3ccccc3)n2)C1,100.0,7.00,USP-30
CN(C(=O)c1ccc(-c2cnn(C)c2)c(F)c1)[C@@H]1CCN(C#N)C1,100.0,7.00,USP-30
Cc1ccc(-c2ccn3c(C(=O)N[C@@H]4CCN(C#N)C4)cnc3c2)cn1,100.0,7.00,USP-30
N#CN1CC[C@@H](N2CCN(c3cccc(N4CCOCC4)c3)C2=O)C1,100.0,7.00,USP-30
N#CN1CC[C@@H](NC(=O)N2CC(c3ccnc(-c4ccccc4)n3)C2)C1,100.0,7.00,USP-30
N#CN1CCCC(NC(=O)c2cccc(-c3ccccc3)c2)C1,1000.0,6.00,USP-30
Cc1cc(-c2cc(C(=O)N(C)[C@@H]3CCN(C#N)C3)on2)ccn1,100.0,7.00,USP-30
CN(C(=O)N1CCc2ccccc21)[C@@H]1CCN(C#N)C1,1000.0,6.00,USP-30
CN(Cc1cc(-c2ccccc2)[nH]n1)C(=O)C=C1CCN(C#N)C1,100.0,7.00,USP-30
COc1ccc(-c2cc(C(=O)N[C@@H]3CCN(C#N)C3)on2)cc1OC,100.0,7.00,USP-30
Cc1cc(-c2ccc(NC(=O)N3CC[C@@H]4CN(C#N)C[C@@H]43)c(F)c2)ccn1,100.0,7.00,USP-30
Cc1cc(-c2cc(C(=O)N[C@@H]3CCN(C#N)C3)on2)ccn1,100.0,7.00,USP-30
Cn1cc(-c2cc(C(=O)N3CC[C@@H]4CN(C#N)C[C@@H]43)ccc2F)cn1,100.0,7.00,USP-30
N#CN1CC[C@@H](NC(=O)c2cc(-c3ccccn3)no2)C1,100.0,7.00,USP-30
N#CN1CC[C@@H](NC(=O)c2cc(-c3ccccn3)[nH]n2)C1,100.0,7.00,USP-30
COc1cc(C(=O)N[C@@H]2CCN(C#N)C2)ccc1Nc1nccc(C)n1,100.0,7.00,USP-30
CO[C@@H]1CCN(c2ccc(C(=O)N[C@@H]3CCN(C#N)C3)c(F)c2)C1,100.0,7.00,USP-30
COc1cc(-c2cc(C(=O)N(C)[C@@H]3CCN(C#N)C3)on2)ccn1,100.0,7.00,USP-30
N#CN1CCC(NC(=O)c2ccc(N3CCCC3c3cccnc3)nc2)C1,1000.0,6.00,USP-30
COC1(c2ccccc2)CN(C(=O)N[C@@H]2CCN(C#N)C2)C1,100.0,7.00,USP-30
N#CN1CCC(CC(=O)N2CC(c3ccc(O)cc3)C2)C1,100.0,7.00,USP-30
COc1ccc(C2CN(C(=O)C[C@@H]3CCN(C#N)C3)C2)cc1-c1cnn(C)c1,10.0,8.00,USP-30
N#CN1CCC[C@](F)(C(=O)Nc2ccc(-n3cccn3)cn2)C1,100.0,7.00,USP-30
N#CN1CCC[C@H](C(=O)Nc2ncc(-c3ccccc3)s2)C1,1000.0,6.00,USP-30
N#Cc1cccc(-c2cnc(N3CCO[C@H]4CN(C#N)C[C@H]43)nc2)c1,1.0,9.00,USP-30
COc1ccc(C[C@H](NC(=O)c2cccnc2)C(=O)Nc2ccc(S(=O)(=O)NC(C)(C)C)cc2)cc1,208.0,6.68,USP-30
COc1ccc(C[C@H](NC(=O)c2ccncc2)C(=O)Nc2ccc(S(=O)(=O)NC(C)(C)C)cc2)cc1,2400.0,5.62,USP-30
N#CN1CC[C@@H](N2CCN(c3nc(-c4ccccc4)cs3)C2=O)C1,100.0,7.00,USP-30
Cn1cc(-c2ccc(NC(=O)N3CC[C@@H]4CN(C#N)C[C@@H]43)c(F)c2)cn1,100.0,7.00,USP-30
CN1c2ccc(-c3ccccc3)cc2CN([C@@H]2CCN(C#N)C2)S1(=O)=O,100.0,7.00,USP-30
N#CN1CCC(=CC(=O)Nc2ccc3ncsc3c2)C1,1000.0,6.00,USP-30
N#CN1CCC(=CC(=O)Nc2ccc(Oc3ccccc3)cc2)C1,10.0,8.00,USP-30
N#CN1CCC(=CC(=O)Nc2cnc3ccccc3c2)C1,100.0,7.00,USP-30
CN(Cc1csc(-c2ccccc2)n1)C(=O)C=C1CCN(C#N)C1,100.0,7.00,USP-30
CN(Cc1cc(C(F)(F)F)ccc1F)C(=O)C=C1CCN(C#N)C1,1000.0,6.00,USP-30
N#CN1CC[C@@H](CC(=O)Nc2cc(-c3ccc(Cl)cc3)no2)C1,100.0,7.00,USP-30
COc1cccc(-c2cc(NC(=O)C[C@H]3CCN(C#N)C3)on2)c1,10.0,8.00,USP-30
N#CN1CCC(CC(=O)Nc2cc3ccccn3n2)C1,1000.0,6.00,USP-30
N#CN1CCC(CC(=O)NC2CN(c3ccccn3)C2)C1,100.0,7.00,USP-30
N#CN1CC2CCN(c3ccccc3)C2C1,1000.0,6.00,USP-30
N#CN1CCC(Nc2ncc(-c3ccccc3)s2)C1,10000.0,5.00,USP-30
N#Cc1cccc(-c2ccc(N3CCO[C@H]4CN(C#N)C[C@H]43)nc2)c1,1.0,9.00,USP-30
CCCOc1cc(NC(=O)C2CN(C#N)CCO2)ccc1-c1ccn[nH]1,100.0,7.00,USP-30
N#CN1CC[C@@H](NC(=O)c2cc(F)c(N3CCOCC3)cc2F)C1,100.0,7.00,USP-30
Cc1nn(C)cc1-c1ccc(C(=O)N[C@@H]2CCN(C#N)C2)nc1,100.0,7.00,USP-30
N#CN1CC[C@@H](N2Cc3ccccc3N(Cc3ccccc3)S2(=O)=O)C1,100.0,7.00,USP-30
N#CN1CC[C@@H](NS(=O)(=O)N2CCc3c(-c4ccccc4)cccc32)C1,100.0,7.00,USP-30
N#CN1CC[C@@H](NS(=O)(=O)Nc2ccc3nc(C(F)(F)F)[nH]c3c2)C1,1000.0,6.00,USP-30
N#CN1CCC(N2CCCN(c3ccccc3)S2(=O)=O)C1,100.0,7.00,USP-30
CN(C(=O)Nc1ccc(C(F)(F)F)cc1)[C@@H]1CCN(C#N)C1,100.0,7.00,USP-30
N#CN1CCC(NC(=O)c2ccc(N3CCC(c4ccncc4)CC3)nc2)C1,100.0,7.00,USP-30
N#CN1CC[C@@H](NC(=O)N2CC(c3ccn(-c4cnccn4)n3)C2)C1,100.0,7.00,USP-30
N#CN1C[C@H]2CCN(C(=O)N3CC(Oc4ccccc4)C3)[C@H]2C1,100.0,7.00,USP-30
N#CN1CCCC(NC(=O)Nc2cccc(Oc3ccccc3)c2)C1,1000.0,6.00,USP-30
CN(C(=O)Nc1ccc(C(F)(F)F)cc1)C1CCN(C#N)C1,100.0,7.00,USP-30
N#CN1CCC(NC(=O)c2ccc(Oc3ccccc3)cc2)C1,1000.0,6.00,USP-30
N#CN1CCC(NC(=O)c2ccc(N3CCC(C(N)=O)CC3)nc2)C1,1000.0,6.00,USP-30
N#CN1CCC(NC(=O)c2ccnc(N3CCc4ccccc4C3)c2)C1,100.0,7.00,USP-30
CC(=O)N1CCCN(c2cc(C(=O)NC3CCN(C#N)C3)ccn2)CC1,1000.0,6.00,USP-30
CN(C(=O)Nc1cccc(Cl)c1)C1CCN(C#N)C1,100.0,7.00,USP-30
COc1ccc(-c2cc(C(=O)N3CC[C@@H]4CN(C#N)C[C@@H]43)n[nH]2)cc1,100.0,7.00,USP-30
N#CN1CC[C@@H](NC(=O)c2ccc(N3CCOCC3)nc2)C1,100.0,7.00,USP-30
N#CN1CC[C@@H](NC(=O)c2cnc3cc(N4CCOCC4)ccn23)C1,100.0,7.00,USP-30
N#CN1CCC(NC(=O)c2cn(-c3ccccc3)cn2)C1,100.0,7.00,USP-30
CCn1cc(-c2cnc(C(=O)N[C@@H]3CCN(C#N)C3)cc2C)cn1,100.0,7.00,USP-30
CN(C(=O)Nc1cn2ccccc2n1)[C@@H]1CCN(C#N)C1,100.0,7.00,USP-30
N#CN1C[C@H]2CCN(C(=O)c3cn(-c4ccccc4)cn3)[C@H]2C1,100.0,7.00,USP-30
N#CN1C[C@H]2CCN(C(=O)c3ccc(F)c(-c4ccncc4)c3)[C@H]2C1,100.0,7.00,USP-30
N#Cc1cc(-c2ccc(N3CCO[C@H]4CN(C#N)C[C@H]43)nc2)ccn1,10.0,8.00,USP-30
Cc1cc(-c2ccn3c(C(=O)N(C)[C@@H]4CCN(C#N)C4)cnc3c2)cc(C)n1,100.0,7.00,USP-30
N#CN1CC[C@@H](NC(=O)c2cc(-c3ccccc3)no2)C1,100.0,7.00,USP-30
Cn1cc(-c2cccc(C(=O)N[C@@H]3CCN(C#N)C3)c2F)cn1,100.0,7.00,USP-30
Cn1cc(-c2ccc(F)c(C(=O)N[C@@H]3CCN(C#N)C3)c2)cn1,100.0,7.00,USP-30
N#Cc1ccc(-c2ccc3nc(C(=O)N[C@@H]4CCN(C#N)C4)cn3c2)cc1,100.0,7.00,USP-30
N#CN1C[C@H]2CCN(C(=O)c3ccc(-c4ccccc4)[nH]c3=O)[C@H]2C1,100.0,7.00,USP-30
N#CN1C[C@H]2CCN(C(=O)Nc3cc(Cl)ccc3F)[C@H]2C1,100.0,7.00,USP-30
CC(C)C(=O)N(C)c1ccnc(C(=O)N[C@@H]2CCN(C#N)C2)c1,100.0,7.00,USP-30
N#CN1CCC(NC(=O)Nc2cccc(Cc3ccccc3)c2)C1,100.0,7.00,USP-30
N#CN1C[C@H]2CCN(C(=O)c3ccc(N4CCOCC4)c(Cl)c3)[C@H]2C1,100.0,7.00,USP-30
CC(C)C[C@H](NC(=O)c1ccccc1)C(=O)Nc1cccc2c(S(=O)(=O)NC(C)(C)C)cccc12,4300.0,5.37,USP-30
CC(C)(C)NS(=O)(=O)c1cccc2c(NC(=O)[C@H](Cc3ccccc3)NC(=O)c3nccs3)cccc12,180.0,6.75,USP-30
CC(C)C(=O)N(C)c1cccc(C(=O)N[C@@H]2CCN(C#N)C2)c1,100.0,7.00,USP-30
CC(C)(C)NS(=O)(=O)c1ccc(NC(=O)[C@H](Cc2ccc(OC(F)(F)F)cc2)NC(=O)c2ccc(F)cc2)cc1,3600.0,5.44,USP-30
CC(C)(C)NS(=O)(=O)c1cccc2c(NC(=O)[C@H](CC3CCCCC3)NC(=O)C3CCCCC3)cccc12,195.0,6.71,USP-30
CC(C)(C)NS(=O)(=O)c1ccc(NC(=O)[C@H](CC2CC2)NC(=O)C2CCCCC2)cc1,810.0,6.09,USP-30
CN(c1ccccc1)S(=O)(=O)N(C)C1CCN(C#N)C1,1000.0,6.00,USP-30
N#CN1CC[C@H](N2CCN(c3ccccc3)S2(=O)=O)C1,1000.0,6.00,USP-30
COc1ccc2nc(NC(=O)CC3CCN(C#N)C3)sc2c1,100.0,7.00,USP-30
N#CN1CCC(CC(=O)Nc2ccc(C(F)(F)F)nc2)C1,1000.0,6.00,USP-30
N#CN1CCC(CC(=O)NCCc2ccccc2)C1,1000.0,6.00,USP-30
N#CN1CCC(CC(=O)N2CC(c3ccc(F)c(F)c3)C2)C1,100.0,7.00,USP-30
N#CN1CCC(=CC(=O)N2CC(c3ccccc3)C2)C1,100.0,7.00,USP-30
CN(Cc1ccc(N2CCCC2)cc1)C(=O)C=C1CCN(C#N)C1,100.0,7.00,USP-30
N#CN1CC[C@H](CC(=O)Nc2cc(-c3cccc(Cl)c3)no2)C1,1.0,9.00,USP-30
N#CN1CC[C@@H](CC(=O)Nc2cc(-c3cccc(Cl)c3)no2)C1,10.0,8.00,USP-30
C[C@H](C(=O)Nc1cc(-c2cccc(Cl)c2)no1)[C@@H]1CCN(C#N)C1,1.0,9.00,USP-30
C[C@@H](C(=O)Nc1cc(-c2cccc(Cl)c2)no1)[C@@H]1CCN(C#N)C1,10.0,8.00,USP-30
C[C@H](C(=O)N1CC(c2ccc(C#N)cc2)C1)C1CCN(C#N)C1,100.0,7.00,USP-30
N#CN1C[C@H]2[C@@H](C1)OCCN2c1nccc(-c2ccccc2)n1,100.0,7.00,USP-30
CN(c1ncc(-c2ccccc2)s1)C1CCN(C#N)C1,1000.0,6.00,USP-30
CN(c1ccc(-c2ccccc2)cn1)C1CCN(C#N)C1,1000.0,6.00,USP-30
N#Cc1ccc2nc(N3CC[C@@H]4CN(C#N)C[C@@H]43)[nH]c2c1,100.0,7.00,USP-30
N#Cc1ccc2cnc(NC(=O)[C@H]3CN(C#N)CCO3)cc2c1,1000.0,6.00,USP-30
N#CN1CCO[C@@H](C(=O)Nc2cnc(-c3ccccc3)s2)C1,1000.0,6.00,USP-30
N#CN1CCO[C@@H](C(=O)Nc2cc(-c3ccc(Cl)cc3)ncn2)C1,100.0,7.00,USP-30
COc1cccc(-c2cc(NC(=O)C3CN(C#N)CCO3)on2)c1,1000.0,6.00,USP-30
CC(C)(C)NS(=O)(=O)c1ccc(NC(=O)[C@H](Cc2ccc(-c3ccccc3)cc2)NC(=O)c2ccc(F)cc2)cc1,169.0,6.77,USP-30
N#Cc1cccc(-c2ccnc(NC(=O)[C@]3(F)CN(C#N)CCO3)c2)c1,100.0,7.00,USP-30
N#CN1CCO[C@@H](C(=O)Nc2ccc(-c3cc[nH]n3)cn2)C1,1000.0,6.00,USP-30
N#Cc1cc(F)cc(-c2cc(NC(=O)[C@H]3CN(C#N)CCO3)ncn2)c1,100.0,7.00,USP-30
Cn1cc(-c2ccc(NC(=O)C3CN(C#N)CCO3)cc2)cn1,1000.0,6.00,USP-30
Cn1cc(-c2ccc3c(C(=O)N[C@@H]4CCN(C#N)C4)cnn3c2)cn1,100.0,7.00,USP-30
CCn1cc(-c2ccc3nc(C(=O)N[C@@H]4CCN(C#N)C4)c(F)n3c2)cn1,100.0,7.00,USP-30
N#CN1CC[C@@H](NC(=O)c2ccc(-c3ccccc3)cn2)C1,100.0,7.00,USP-30
N#CN1CC[C@@H](NC(=O)c2ccc(N3CCOCC3)cc2)C1,100.0,7.00,USP-30
CN(C(=O)Nc1ccc(C(F)(F)F)nc1)[C@@H]1CCN(C#N)C1,100.0,7.00,USP-30
CCOC(=O)N1CCN(c2ccc(C(=O)NC3CCN(C#N)C3)cn2)CC1,1000.0,6.00,USP-30
N#CN1CCC(NC(=O)c2cccc(N3CCc4ccccc4C3)n2)C1,1000.0,6.00,USP-30
N#CN1CC[C@@H](NC(=O)c2ccc(N3CCOCC3)c(F)c2)C1,100.0,7.00,USP-30
N#CN1CC[C@@H](NC(=O)c2ccc(F)c(-c3ccncc3)c2)C1,100.0,7.00,USP-30
CN(C(=O)c1ccc(-c2ccncc2Cl)cc1)[C@@H]1CCN(C#N)C1,100.0,7.00,USP-30
N#CN1CC[C@@H](NC(=O)c2ccnc(N3CCc4ccccc4C3)c2)C1,100.0,7.00,USP-30
N#CN1CC[C@@H](NC(=O)N2CCN(c3ccccc3)CC2)C1,100.0,7.00,USP-30
C[C@@H]1[C@H](NC(=O)c2ccc(-c3ccc(F)cc3)cn2)CCN1C#N,100.0,7.00,USP-30
CC(C)(C)NS(=O)(=O)c1ccc(NC(=O)[C@H](Cc2cccs2)NC(=O)c2ccc(F)cc2)cc1,19.0,7.72,USP-30
N#CN1CCO[C@H](C(=O)Nc2cc(-c3ccccc3)ccn2)C1,1000.0,6.00,USP-30
N#CN1CCOC(C(=O)Nc2ncc(-c3ccc(F)cc3)s2)C1,100.0,7.00,USP-30
COc1ccc(C(=O)N[C@@H](Cc2ccccc2)C(=O)Nc2cccc3c(S(=O)(=O)NC(C)(C)C)cccc23)cc1,9000.0,5.05,USP-30
CC(C)(C)NS(=O)(=O)c1cccc2c(NC(=O)[C@H](Cc3ccccc3)NC(=O)C3CCCCCC3)cccc12,4300.0,5.37,USP-30
COc1ccc(C(=O)N[C@@H](Cc2cccs2)C(=O)Nc2ccc(S(=O)(=O)NC(C)(C)C)cc2)nc1,1040.0,5.98,USP-30
CC(C)(C)NS(=O)(=O)c1ccc(NC(=O)[C@H](Cc2ccc(F)cc2)NC(=O)c2ccc(F)cc2)cc1,26.0,7.58,USP-30
CC(C)NS(=O)(=O)c1ccc(NC(=O)[C@H](Cc2ccccc2)NC(=O)C2CCCCC2)cc1,179.0,6.75,USP-30
N#CN1CCCC(F)(C(=O)Nc2cn(-c3ccccc3)cn2)C1,100.0,7.00,USP-30
N#CN1CCCC(C(=O)Nc2cc(-c3ccccc3)no2)C1,1000.0,6.00,USP-30
N#CN1CCCC(C(=O)Nc2cc(-c3ccccc3)ccn2)C1,1000.0,6.00,USP-30
CCCOc1cc(NC(=O)C2CCCN(C#N)C2)ccc1-c1ccn[nH]1,100.0,7.00,USP-30
N#CN1CCOC(C(=O)Nc2ccc(-c3ccccc3)nc2)C1,1000.0,6.00,USP-30
C[C@H]1CN(C#N)C[C@@H]1NC(=O)c1cnc(-c2ccccc2)s1,100.0,7.00,USP-30
N#CN1CC[C@@H](NC(=O)c2cc(-c3ccccc3)ccn2)C1,100.0,7.00,USP-30
N#Cc1cccc(-c2cnc(N3CCO[C@H]4CN(C#N)C[C@H]43)cn2)c1,1.0,9.00,USP-30
N#Cc1ccnc(-c2ccc(N3CCO[C@H]4CN(C#N)C[C@H]43)nc2)c1,1.0,9.00,USP-30
N#Cc1cccc(-n2cnc(NC(=O)[C@@]3(F)CCCN(C#N)C3)n2)c1,100.0,7.00,USP-30
CN1CCN(C#N)C[C@@H]1C(=O)Nc1ncc(-c2ccccc2)s1,1000.0,6.00,USP-30
N#Cc1cccc(-c2ccnc(NC(=O)[C@H]3CCCN(C#N)C3)c2)c1,1000.0,6.00,USP-30
N#Cc1cccc(-c2ccnc(NC(=O)[C@@H]3CN(C#N)CCO3)c2)c1,1000.0,6.00,USP-30
N#CN1CCO[C@@H](C(=O)Nc2cc(-c3cccc(C(F)(F)F)c3)no2)C1,100.0,7.00,USP-30
N#CN1CCCC(C(=O)Nc2ccc(-c3ccccc3)cn2)C1,1000.0,6.00,USP-30
N#CN1CCO[C@H](C(=O)Nc2ncc(-c3ccccc3)s2)C1,1000.0,6.00,USP-30
N#CN1CC[C@@H](NS(=O)(=O)N2CCCn3nc(-c4ccccc4)cc32)C1,100.0,7.00,USP-30
N#CN1CC[C@@H](N2CCCN(c3cc(-c4ccccc4)n[nH]3)S2(=O)=O)C1,100.0,7.00,USP-30
N#CN1CC[C@@H](N2CCCN(c3cccc(-c4ccccc4)c3)S2(=O)=O)C1,100.0,7.00,USP-30
COc1ccc(C2CN(C(=O)CC3CCN(C#N)C3)C2)cc1,100.0,7.00,USP-30
N#CN1CCC(CC(=O)Nc2cc(-c3ccccc3)no2)C1,100.0,7.00,USP-30
N#Cc1cccc(-c2cc(NC(=O)C[C@H]3CCN(C#N)C3)on2)c1,1.0,9.00,USP-30
Cc1cc(C2CN(C(=O)C[C@@H]3CCN(C#N)C3)C2)ccc1C#N,10.0,8.00,USP-30
N#CN1C[C@H]2[C@@H](C1)OCCN2c1ccc(-c2ccccc2)nn1,100.0,7.00,USP-30
N#CN1C[C@H]2[C@@H](C1)OCCN2c1cccc(-c2ccccc2)n1,100.0,7.00,USP-30
N#CN1C[C@H]2[C@@H](C1)OCCN2c1ncc(-c2ccccc2)s1,100.0,7.00,USP-30
CC(C)(C)NS(=O)(=O)c1ccc(NC(=O)[C@H](CC2CCCCC2)NC(=O)C2CCCC2)cc1,120.0,6.92,USP-30
CC(C)(C)NS(=O)(=O)c1cccc2c(NC(=O)[C@H](Cc3cccs3)NC(=O)c3ccccc3)cccc12,230.0,6.64,USP-30
CC(C)(C)NS(=O)(=O)c1cccc2c(NC(=O)[C@H](CC3CC3)NC(=O)c3ccccc3)cccc12,2200.0,5.66,USP-30
CC(C)(C)NS(=O)(=O)c1ccc(NC(=O)[C@H](Cc2ccccn2)NC(=O)c2ccc(F)cc2)cc1,48.0,7.32,USP-30
CC(C)(C)NS(=O)(=O)c1ccc(NC(=O)[C@H](CC2CCCCC2)NC(=O)c2ccccn2)cc1,123.0,6.91,USP-30
N#CN1CCOC(C(=O)Nc2nc3ccc(-c4cn[nH]c4)cc3s2)C1,100.0,7.00,USP-30
N#CN1CCC(CC(=O)Nc2nc3cc(Cl)ccc3o2)C1,100.0,7.00,USP-30
N#Cc1cccc(C2CN(C(=O)C[C@@H]3CCN(C#N)C3)C2)c1,100.0,7.00,USP-30
N#CN1CC[C@H](CC(=O)Nc2nnc(-c3ccccc3)s2)C1,1000.0,6.00,USP-30
N#CN1C[C@H]2[C@@H](C1)OCCN2c1cc(-c2ccccc2)ccn1,1000.0,6.00,USP-30
N#Cc1cccc(-n2cc(NC(=O)[C@@]3(F)CCCN(C#N)C3)nn2)c1,100.0,7.00,USP-30
N#CN1CCC[C@](F)(C(=O)Nc2cn(-c3cccc(C(F)(F)F)c3)cn2)C1,100.0,7.00,USP-30
N#Cc1cccc(-c2cc(NC(=O)C3(F)CCCN(C#N)C3)on2)c1,100.0,7.00,USP-30
N#CN1CCCC(F)(C(=O)Nc2nc3ccc(-c4cn[nH]c4)cc3s2)C1,1000.0,6.00,USP-30
CC(C)(C)NS(=O)(=O)c1ccc(NC(=O)[C@H](CC2CCCCC2)NC(=O)c2ccc(F)c(F)c2)cc1,31.0,7.51,USP-30
CC(C)Oc1ccc(C2CN(C(=O)C[C@@H]3CCN(C#N)C3)C2)nc1,100.0,7.00,USP-30
N#CN1CC2CCCN(c3ncc(-c4ccccc4)s3)C2C1,1000.0,6.00,USP-30
N#CN1CCC(CC(=O)Nc2cccc(Cl)c2)C1,100.0,7.00,USP-30
Cc1ccc(NC(=O)C=C2CCN(C#N)C2)cc1Cl,100.0,7.00,USP-30
CN(Cc1ccc2ncccc2c1)C(=O)C=C1CCN(C#N)C1,100.0,7.00,USP-30
COc1cccc(-c2cc(NC(=O)C[C@@H]3CCN(C#N)C3)on2)c1,100.0,7.00,USP-30
N#CN1CCC(CC(=O)Nc2cc(C(F)(F)F)ccn2)C1,100.0,7.00,USP-30
N#CN1C[C@H]2CCN(c3nc4ccc(OC(F)(F)Cl)cc4[nH]3)[C@H]2C1,10.0,8.00,USP-30
COc1ccc(C[C@H](NC(=O)c2ccccn2)C(=O)Nc2ccc(S(=O)(=O)NC(C)(C)C)cc2)cc1,195.0,6.71,USP-30
CC(C)(C)NS(=O)(=O)c1cccc2c(NC(=O)[C@H](Cc3ccc(Cl)cc3)NC(=O)c3ccccc3)cccc12,446.0,6.35,USP-30
CC(C)(C)NS(=O)(=O)c1cccc2c(NC(=O)[C@H](Cc3ccccc3)NC(=O)c3ccc(F)cc3)cccc12,49.0,7.31,USP-30
CC(C)(C)NS(=O)(=O)c1cccc2c(NC(=O)[C@H](Cc3ccccc3)NC(=O)C3CCCCC3)cccc12,125.0,6.90,USP-30
CC(C)(C)NS(=O)(=O)c1cccc2c(NC(=O)[C@@H](Cc3ccccc3)NC(=O)c3ccccc3)cccc12,248.0,6.61,USP-30
N#CN1CC[C@@H](NC(=O)N2CCC(c3ccccn3)C2)C1,1000.0,6.00,USP-30
COc1cc(C(=O)N[C@@H]2CCN(C#N)C2)ccc1-c1ccnc(N2CCOCC2)c1,100.0,7.00,USP-30
Cn1cc(-c2ccc3nc(C(=O)N[C@@H]4CCN(C#N)C4)cn3c2)cn1,100.0,7.00,USP-30
CCN(C(=O)c1cnc2cc(-c3ccnc(C)c3)ccn12)[C@@H]1CCN(C#N)C1,100.0,7.00,USP-30
Cc1noc(C)c1-c1ccc2nc(C(=O)N[C@@H]3CCN(C#N)C3)c(F)n2c1,100.0,7.00,USP-30
N#CN1CCC(NC(=O)Nc2ccc(Cl)cc2Cl)C1,100.0,7.00,USP-30
N#CN1CCC(CC(=O)Nc2ccc(-c3ccccc3)cn2)C1,100.0,7.00,USP-30
N#CN1C[C@H]2[C@@H](C1)OCCN2c1nc2ccc(F)cc2s1,1000.0,6.00,USP-30
N#CN1CCC[C@](F)(C(=O)Nc2cn(-c3cccc(OC(F)(F)F)c3)cn2)C1,100.0,7.00,USP-30
CC(C)(C)NS(=O)(=O)c1ccc(NC(=O)[C@H](Cc2cccc(C#N)c2)NC(=O)C2CCCCC2)cc1,41.0,7.39,USP-30
CC(C)(C)NS(=O)(=O)c1ccc(NC(=O)[C@H](Cc2cccs2)NC(=O)C2CCCCC2)cc1,28.0,7.55,USP-30
CC(C)(C)NS(=O)(=O)c1ccc(NC(=O)[C@H](CC2CCCCC2)NC(=O)c2cccc(F)c2)cc1,57.0,7.24,USP-30
CC(C)(C)NS(=O)(=O)c1ccc(NC(=O)[C@H](CC2CCOCC2)NC(=O)C2CCCCC2)cc1,71.0,7.15,USP-30
CC(C)(C)NS(=O)(=O)c1cccc2c(NC(=O)[C@H](Cc3ccccc3)NC(=O)c3ccccn3)cccc12,170.0,6.77,USP-30
COCCN(CCOC)c1cc(N2CCN([C@@H]3CCN(C#N)C3)S2(=O)=O)ccn1,100.0,7.00,USP-30
N#CN1CC[C@@H](N2CCN(c3ccc4c(c3)N(CCO)C(=O)CO4)S2(=O)=O)C1,100.0,7.00,USP-30
N#CN1CC[C@H](N2CCN(c3cccc(-c4ccno4)c3)S2(=O)=O)C1,100.0,7.00,USP-30
CN(Cc1cc(-c2ccccc2)on1)C(=O)C=C1CCN(C#N)C1,100.0,7.00,USP-30
N#Cc1cccc(-c2cc(NC(=O)C[C@H]3CCN(C#N)C3)no2)c1,1.0,9.00,USP-30
CN(C)C(=O)c1ccc(C2CN(C(=O)C[C@@H]3CCN(C#N)C3)C2)cc1,100.0,7.00,USP-30
N#Cc1cc(-c2ccc(N3CCO[C@@H]4CN(C#N)C[C@@H]43)nn2)ccn1,100.0,7.00,USP-30
N#CN1CCCC(C(=O)Nc2cc(-c3ccccc3)n[nH]2)C1,1000.0,6.00,USP-30
N#Cc1ccc(-c2cc(NC(=O)[C@H]3CN(C#N)CCO3)ncn2)cc1,1000.0,6.00,USP-30
CN(C(=O)Nc1ccc(Cl)cn1)[C@@H]1CCN(C#N)C1,100.0,7.00,USP-30
CCN(C(=O)c1ccc(-c2cnn(C)c2)c(F)c1)[C@@H]1CCN(C#N)C1,100.0,7.00,USP-30
CN(C(=O)c1cc2cc(-c3cnn(C)c3)ncc2[nH]1)[C@@H]1CCN(C#N)C1,100.0,7.00,USP-30
C[C@H]1CN(c2ccc(C(=O)N[C@@H]3CCN(C#N)C3)cc2F)C[C@@H](C)O1,100.0,7.00,USP-30
COc1ccc(N2CCN([C@@H]3CCN(C#N)C3)S2(=O)=O)cc1N1CCOCC1,100.0,7.00,USP-30
N#CN1CC(C(=O)Nc2nc3ccc(-c4cn[nH]c4)cc3s2)CC(F)(F)C1,1000.0,6.00,USP-30
N#CN1CCOC(C(=O)Nc2cc(-c3cccc(C(F)(F)F)c3)no2)C1,100.0,7.00,USP-30
N#CN1CCOC(C(=O)Nc2ccc(-c3ccccc3)cc2)C1,1000.0,6.00,USP-30
CC(C)(C)NS(=O)(=O)c1ccc(NC(=O)[C@H](Cc2ccncc2)NC(=O)c2ccc(F)cc2)cc1,20.0,7.70,USP-30
CC(C)(C)NS(=O)(=O)c1ccc(NC(=O)[C@H](Cc2ccc(F)cc2)NC(=O)c2ccccc2)cc1,133.0,6.88,USP-30
C#Cc1ccc(CNC(=O)c2cc(C(=O)CCl)cn2C)cc1,44000.0,4.36,USP-7
CC(=O)c1cc([N+](=O)[O-])c(Sc2ccccc2)s1,14000.0,4.85,USP-47
CN(C)CCCOc1ccc(NC(=O)c2cc([N+](=O)[O-])c(Sc3c(Cl)cncc3Cl)s2)cc1,380.0,6.42,USP-7
CN1CCC(NC(=O)c2cc([N+](=O)[O-])c(Sc3c(Cl)cccc3Cl)s2)CC1,7800.0,5.11,USP-7
CC(=O)c1cc([N+](=O)[O-])c(Sc2ccc(F)cc2F)s1,19330.0,4.71,USP-7
CC(=O)c1cc([N+](=O)[O-])c(Sc2ccc(Cl)cc2Cl)s1,6900.0,5.16,USP-7
CC(=O)c1cc([N+](=O)[O-])c(Sc2c(Cl)cncc2Cl)s1,1200.0,5.92,USP-47
CN1CCC(NC(=O)c2cc([N+](=O)[O-])c(Sc3c(Cl)cncc3Cl)s2)CC1,1700.0,5.77,USP-7
CS(=O)(=O)c1ccc(NC(=O)c2cc([N+](=O)[O-])c(Sc3c(Cl)cncc3Cl)s2)cc1,400.0,6.40,USP-7
CC(=O)c1cc([N+](=O)[O-])c(Sc2cccc(Cl)c2Cl)s1,4200.0,5.38,USP-7
CC(=O)c1cc([N+](=O)[O-])c(Sc2c(Cl)cccc2Cl)s1,2200.0,5.66,USP-7
CS(=O)(=O)c1ccc(NC(=O)c2cc(C#N)c(Sc3c(Cl)cncc3Cl)s2)cc1,420.0,6.38,USP-7
CN(C)CCCOc1ccc(NC(=O)c2cc(C#N)c(Sc3c(Cl)cncc3Cl)s2)cc1,380.0,6.42,USP-7
C[C@@H]1[C@H]2C3=CC[C@@H]4[C@@]5(C)CC[C@H](O)C(C)(C)[C@@H]5CC[C@@]4(C)[C@]3(C)CC[C@@]2(C(=O)O)CC[C@H]1C,7000.0,5.16,USP-7
COc1ccc(NC(=O)c2cc([N+](=O)[O-])c(Sc3c(Cl)cncc3Cl)s2)cc1,430.0,6.37,USP-7
Nc1nc(N)c(-c2ccc(O)cc2)cc1-c1ccc(O)cc1,8500.0,5.07,USP-7
CCc1c(-c2ccc(O)cc2)cnc(N)c1-c1cccc(C#N)c1,5200.0,5.28,USP-7
Cc1cc(Cl)cc(-c2ccnc3cc(CN4C(=O)C5C(C4=O)C5(C)C)sc23)c1O[C@@H]1CCNC[C@@H]1C,0.18,9.74,USP-7
Cc1cc(Cl)cc(-c2ccnc3cc(CN4C(=O)C5CC5C4=O)sc23)c1C[C@H]1OCCN[C@@H]1C,1.5,8.82,USP-7
CC(=O)c1nc([N+](=O)[O-])c(Sc2ccc(Cl)cc2Cl)s1,16750.0,4.78,USP-7
CCc1c(-c2ccc(O)cc2)cnc(N)c1-c1ccc2[nH]ncc2c1,610.0,6.21,USP-7
COC(=O)[C@]12CCC(C)(C)C[C@H]1[C@H]1C(=O)C=C3[C@@]4(C)CC(C#N)C(=O)C(C)(C)[C@@H]4CC[C@@]3(C)[C@]1(C)CC2,25000.0,4.60,USP-7
O=C(NCc1ccc(F)cc1)c1nc([N+](=O)[O-])c(Sc2c(Cl)cncc2Cl)s1,2650.0,5.58,USP-7
C[C@H](CC(=O)N1CCC(O)(Cn2cnc3c(-c4ccccc4F)n(C)nc3c2=O)CC1)c1ccccc1,90.0,7.05,USP-7
C[C@H](CC(=O)N1CCC(O)(Cn2cnc(Nc3ccccc3)cc2=O)CC1)c1ccccc1,1900.0,5.72,USP-7
C[C@H](CC(=O)N1CCC(O)(Cn2cnc(N(C)CCN(C)C)cc2=O)CC1)c1ccccc1,390.0,6.41,USP-7
Cn1cc2ncn(CC3(O)CCN(C(=O)CCc4ccccc4)CC3)c(=O)c2n1,44000.0,4.36,USP-7
CC1=C(O)/C(=C/C(C)CCC/C(C)=C/CCC2=CC(=O)[C@@H](c3ccoc3)[C@@H]2O)OC1=O,2800.0,5.55,USP-7
CN1CCC(c2noc(-c3ccc(O)cc3)n2)CC1,79200.0,4.10,USP-7
C[C@H](CC(=O)N1CCC(O)(Cn2cnc3cc(NC(=O)CCN4CCN(C)CC4)ccc3c2=O)CC1)c1ccccc1,90.0,7.05,USP-7
O=C(Nc1cccc(CN2CCCC2)c1)c1ccc2nc3c(c(Cl)c2c1)CCCC3,8200.0,5.09,USP-7
CC(C)c1c(-c2ccc(O)cc2)cnc(N)c1-c1ccc(O)cc1,21400.0,4.67,USP-7
N#Cc1nc2c(nc1C#N)-c1ccc(Cl)cc1C2=O,420.0,6.38,USP-7
C[C@H](CC(=O)N1CCC(O)(Cn2cnc3c(Br)csc3c2=O)CC1)c1ccccc1,300.0,6.52,USP-7
COCCNc1cc(=O)n(CC2(O)CCN(C(=O)C[C@@H](C)c3ccccc3)CC2)cn1,12000.0,4.92,USP-7
Oc1ccc(-c2ncc(C3CCNCC3)o2)cc1,32800.0,4.48,USP-7
O=C(C1Cc2cc(Cl)cc(-c3ccnc4[nH]ccc34)c2O1)N1CCNCC1,930.0,6.03,USP-7
O=C([C@H]1Cc2cc(Cl)cc(-c3ccnc4ccsc34)c2O1)N1CCNCC1,90.0,7.05,USP-7
O=C([C@H]1Cc2cc(Cl)cc(-c3ccnc4cc(Cn5cnccc5=O)sc34)c2O1)N1CCNCC1,27.0,7.57,USP-7
CC(=O)NCc1cc2nccc(-c3cc(Cl)cc4c3O[C@@H](C(=O)N3CCNCC3)C4)c2s1,25.0,7.60,USP-7
O=C1CCCN1Cc1cc2nccc(-c3cc(Cl)cc4c3O[C@@H](C(=O)N3CCNCC3)C4)c2s1,26.0,7.58,USP-7
Cc1cc(Cl)cc(-c2ccnc3cc(CN4C(=O)CCC4=O)sc23)c1O[C@@H]1CNC[C@@H]1F,1.2,8.92,USP-7
Cc1cc(Cl)cc(-c2ccnc3cc(Cn4c(=O)ccn(CC(F)(F)F)c4=O)sc23)c1O[C@@H]1CCNC[C@@H]1C,0.26,9.59,USP-7
C[C@H](CC(=O)N1CCC(O)(Cn2cnc3c(-c4cccc(N)c4)n(C)nc3c2=O)CC1)c1ccccc1,24.0,7.62,USP-7
C[C@H](CC(=O)N1CCC(O)(Cn2cnc(OCCN(C)C)cc2=O)CC1)c1ccccc1,7200.0,5.14,USP-7
O=C(Nc1ccc2c(c1)S(=O)(=O)C=C2)c1cc([N+](=O)[O-])c(Sc2c(Cl)cncc2Cl)s1,100.0,7.00,USP-7
CC1=CS(=O)(=O)c2cc(NC(=O)c3cc([N+](=O)[O-])c(Sc4c(Cl)cncc4Cl)s3)ccc21,170.0,6.77,USP-7
CC(CC(=O)N1CCC(O)(C(C)n2cnn3cccc3c2=O)CC1)c1ccccc1,200.0,6.70,USP-7
CCCc1cc2c(=O)n(C(C)C3(O)CCN(C(=O)CC(C)c4ccccc4)CC3)cnc2s1,300.0,6.52,USP-7
CCc1c(-c2ccc3c(cnn3C)c2)cnc(N)c1-c1ccc(O)cc1,2000.0,5.70,USP-7
CCc1c(-c2ccc3[nH]ncc3c2)cnc(N)c1-c1ccc(O)cc1,980.0,6.01,USP-7
CCCc1c(-c2ccc(O)cc2)cnc(N)c1-c1ccc(O)cc1,13600.0,4.87,USP-7
CC1=C(O)/C(=C/C(C)CC/C=C(/C)CCCC2=CC(=O)[C@@H](c3ccoc3)[C@@H]2O)OC1=O,4600.0,5.34,USP-7
CC(=O)c1nc([N+](=O)[O-])c(Sc2ccc(F)cc2F)s1,6120.0,5.21,USP-7
Cc1ccc(CNC(=O)c2nc([N+](=O)[O-])c(Sc3c(Cl)cncc3Cl)s2)cc1,3650.0,5.44,USP-7
O=C(CCc1ccccc1)N1CCC(O)(Cn2cnc3cc(Br)sc3c2=O)CC1,60000.0,4.22,USP-7
O=C(CCc1ccccc1)N1CCC(O)(Cn2cnc3c(C4CC4)csc3c2=O)CC1,20000.0,4.70,USP-7
C[C@H](CC(=O)N1CCC(O)(Cn2cnc3c(-c4ccc(C(N)=O)cc4)n(C)nc3c2=O)CC1)c1ccccc1,50.0,7.30,USP-7
C[C@H](CC(=O)N1CCC(O)(Cn2cnc(Cc3ccccc3)cc2=O)CC1)c1ccccc1,90000.0,4.05,USP-7
C[C@H](CC(=O)N1CCC(O)(Cn2cnc(NCCN(C)C)cc2=O)CC1)c1ccccc1,120.0,6.92,USP-7
CN(CCCNC(=O)c1ccc2c(Cl)c3c(nc2c1)CCCC3)Cc1ccccc1,28100.0,4.55,USP-7
CC(=O)c1nc([N+](=O)[O-])c(Sc2c(Cl)cncc2Cl)s1,670.0,6.17,USP-7
CC(=O)c1nc([N+](=O)[O-])c(Sc2ccc(Cl)c(Cl)c2)s1,18020.0,4.74,USP-7
CC(NCc1ccccc1)c1nc([N+](=O)[O-])c(Sc2c(Cl)cncc2Cl)s1,26780.0,4.57,USP-7
O=C([C@H]1Cc2cc(Cl)cc(-c3ccnc4cc(C(O)(CO)CCl)sc34)c2O1)N1CCNCC1,9.0,8.05,USP-7
Cc1cc(Cl)cc(-c2ccnc3cc(CN4C(=O)C5CC5C4=O)sc23)c1C[C@@H]1CNCCO1,0.16,9.80,USP-7
Cc1c(-c2ccc(O)cc2)cnc(N)c1-c1ccc(O)cc1,7600.0,5.12,USP-7
Cc1cc(Cl)cc(-c2ccnc3cc(CN4C(=O)C5C(C4=O)C5(C)C)sc23)c1CC1CCCNC1,1.3,8.89,USP-7
Cc1ccn([C@@H](CC(=O)N2CCC(O)(Cn3cnc4c(cnn4Cc4ccc(F)cc4)c3=O)CC2)C(F)F)n1,52.0,7.28,USP-7
Nc1ncc(-c2ccccc2Cl)cc1-c1ccc(O)cc1,33200.0,4.48,USP-7
Nc1ncc(-c2ccc(O)cc2)cc1-c1ccc(O)cc1,11100.0,4.96,USP-7
CCc1c(-c2ccc(O)cc2)cnc(N)c1-c1ccc(O)cc1,2500.0,5.60,USP-7
C[C@@]12CCCc3coc(c31)C(=O)c1cc3c(cc12)C(=O)C=C(C1=CC(=O)c2cc4c(cc2C1=O)C(=O)c1occ2c1[C@@]4(C)CCC2)C3=O,490.0,6.31,USP-7
C[C@@H](CC(=O)N1CCC(O)(Cn2cnc3c(Br)csc3c2=O)CC1)c1ccccc1,46000.0,4.34,USP-7
O=C(CCc1ccccc1)N1CCC(O)(Cn2cnc3c(Br)csc3c2=O)CC1,13000.0,4.89,USP-7
C[C@H](CC(=O)N1CCC(O)(Cn2cnc3c(Br)n(C)nc3c2=O)CC1)c1ccccc1,300.0,6.52,USP-7
C[C@H](CC(=O)N1CCC(O)(Cn2cnc(C#Cc3ccccc3)cc2=O)CC1)c1ccccc1,2800.0,5.55,USP-7
C[C@H](CC(=O)N1CCC(O)(Cn2cnc(NCCN3CCOCC3)cc2=O)CC1)c1ccccc1,1400.0,5.85,USP-7
C[C@H](CC(=O)N1CCC(O)(Cn2cnc3c(C#CC(C)(C)O)n(C)nc3c2=O)CC1)c1ccccc1,300.0,6.52,USP-7
Oc1ccc(-c2nc(C3CCNCC3)no2)cc1,97700.0,4.01,USP-7
C[C@H](CC(=O)N1CCC(O)(Cn2cnc3c(-c4cccc(CN(C)C)c4)n(C)nc3c2=O)CC1)c1ccccc1,75.0,7.12,USP-7
Cn1nc2c(c1[C@H]1Cc3cc(Cl)cc(-c4ccnc5cc(CN6C(=O)CCC6=O)sc45)c3O1)CNCC2,1.1,8.96,USP-7
O=C1CCC(=O)N1Cc1cc2nccc(-c3cc(Cl)ccc3O[C@@H]3CNC[C@@H]3F)c2s1,207.0,6.68,USP-7
CC(Cc1ccccc1)C(=O)N1CCC(O)(Cn2cnc3ccccc3c2=O)CC1,15000.0,4.82,USP-7
CC(=O)c1nc([N+](=O)[O-])c(Sc2c(Cl)cccc2Cl)s1,4490.0,5.35,USP-7
CC(=O)c1nc([N+](=O)[O-])c(Sc2cccc(Cl)c2Cl)s1,9930.0,5.00,USP-7
O=C(NCc1ccccc1)c1nc([N+](=O)[O-])c(Sc2c(Cl)cncc2Cl)s1,4210.0,5.38,USP-7
N#Cc1nc2c(nc1C#N)-c1cc(Cl)ccc1C2=O,420.0,6.38,USP-7
Oc1ccc(-c2nc(C3CCNCC3)co2)cc1,85200.0,4.07,USP-7
CC(=O)C1=C(O)C(=O)N(CCc2ccc(Cl)c(Cl)c2)C1c1ccc(Br)cc1,1600.0,5.80,USP-7
O=C(Nc1ccc2c(c1)S(=O)(=O)CC2)c1cc([N+](=O)[O-])c(Sc2c(Cl)cncc2Cl)s1,130.0,6.89,USP-7
CC1CS(=O)(=O)c2cc(NC(=O)c3cc([N+](=O)[O-])c(Sc4c(Cl)cncc4Cl)s3)ccc21,75.0,7.12,USP-7
CC(=O)c1cnc(Sc2c(Cl)cncc2Cl)s1,22570.0,4.65,USP-7
C[C@@]12CCCc3coc(c31)C(=O)c1cc3c(cc12)C(=O)C=CC3=O,130.0,6.89,USP-7
C[C@@]12CCCc3coc(c31)C(=O)c1cc3c(=O)c4c(c(=O)c3cc12)c1c(=O)c2cc3c(cc2c(=O)c1c1c(=O)c2cc5c(cc2c(=O)c41)[C@]1(C)CCCc2coc(c21)C5=O)[C@]1(C)CCCc2coc(c21)C3=O,750.0,6.12,USP-7
C[C@H](CC(=O)N1CCC(O)(Cn2cnc3c(-c4ccccc4)n(C)nc3c2=O)CC1)c1ccccc1,30.0,7.52,USP-7
C[C@H](CC(=O)N1CCC(O)(Cn2cnc3c(-c4ccc(CN)cc4)n(C)nc3c2=O)CC1)c1ccccc1,6.0,8.22,USP-7
Cc1cc(Cl)cc(-c2ccnc3cc(CN4C(=O)C5C(C4=O)C5(C)C)sc23)c1OC1CCCNC1,2.4,8.62,USP-7
O=C(Nc1ccccc1)c1nc([N+](=O)[O-])c(Sc2c(Cl)cncc2Cl)s1,40490.0,4.39,USP-7
CCN(CCCNC(=O)c1ccc2c(Cl)c3c(nc2c1)CCCC3)Cc1ccccc1,22600.0,4.65,USP-7
CCN(CCCNC(=O)c1ccc2nc3c(c(Cl)c2c1)CCCC3)Cc1ccccc1,22600.0,4.65,USP-7
CN(CCCNC(=O)c1ccc2nc3c(c(Cl)c2c1)CCCC3)Cc1ccccc1,28000.0,4.55,USP-7
CC(C)c1c2ncn(CC3(O)CCN(C(=O)C[C@@H](C)c4ccccc4)CC3)c(=O)c2nn1C,560.0,6.25,USP-7
CC(=O)Nc1cccc(-c2cnc(N)c(-c3ccc(O)cc3)c2)c1,15100.0,4.82,USP-7
CCc1c(-c2ccccc2)cnc(N)c1-c1ccc(O)cc1,9600.0,5.02,USP-7
CCc1c(-c2ccc3cn[nH]c3c2)cnc(N)c1-c1ccc(O)cc1,480.0,6.32,USP-7
Cc1cc(Cl)cc(-c2ccnc3cc(CN4C(=O)CCC4=O)sc23)c1CN1CCNC[C@@H]1C,6.6,8.18,USP-7
O=C(NCc1cccc(F)c1)c1nc([N+](=O)[O-])c(Sc2c(Cl)cncc2Cl)s1,1350.0,5.87,USP-7
Nc1cc(-c2cc(Cl)cc3c2OC(C(=O)N2CCNCC2)C3)ccn1,5600.0,5.25,USP-7
O=C([C@H]1Cc2cc(Cl)cc(-c3ccnc4cc(CN5C(=O)CCC5=O)sc34)c2O1)N1CCNCC1,0.18,9.74,USP-7
C[C@H](CC(=O)N1CCC(O)(Cn2cnc3c(-c4cccc(C#N)c4)n(C)nc3c2=O)CC1)c1ccccc1,150.0,6.82,USP-7
C[C@H](CC(=O)N1CCC(O)(Cn2cnc3c(-c4cccc(CN5CCOCC5)c4)n(C)nc3c2=O)CC1)c1ccccc1,250.0,6.60,USP-7
C[C@H](CC(=O)N1CCC(O)(Cn2cnc3c(-c4ccc(CO)cc4)n(C)nc3c2=O)CC1)c1ccccc1,40.0,7.40,USP-7
O=C(CCc1ccccc1)N1CCC(O)(Cn2cnc3scc(Br)c3c2=O)CC1,34000.0,4.47,USP-7
C[C@H](CC(=O)N1CCC(O)(Cn2cnc3c(-c4ccn[nH]4)n(C)nc3c2=O)CC1)c1ccccc1,35.0,7.46,USP-7
CC(=O)c1cc(C#N)c(Sc2ccc(Cl)cc2Cl)s1,19000.0,4.72,USP-7
Cn1nc2c(=O)n(CC3(O)CCN(C(=O)C[C@H](c4ccccc4)C(F)(F)F)CC3)cnc2c1Cc1ccc(CN)cc1,1.5,8.82,USP-7
CC(CC(=O)N1CCC(O)(C(C)n2cnc3c(cnn3C)c2=O)CC1)c1ccccc1,200.0,6.70,USP-7
O=C([C@H]1Cc2cc(Cl)cc(-c3ccnc4cc(CO)sc34)c2O1)N1CCNCC1,43.0,7.37,USP-7
C[C@H](CC(=O)N1CCC(O)(Cn2cnc3c(-c4cccc(C(N)=O)c4)n(C)nc3c2=O)CC1)c1ccccc1,30.0,7.52,USP-7
C[C@H](CC(=O)N1CCC(O)(Cn2cnc3c(-c4cccc(O)c4)n(C)nc3c2=O)CC1)c1ccccc1,39.0,7.41,USP-7
C[C@H](CC(=O)N1CCC(O)(Cn2cnc(NCCCN(C)C)cc2=O)CC1)c1ccccc1,1100.0,5.96,USP-7
C[C@H](CC(=O)N1CCC(O)(Cn2cnc(NCCN3CCCC3)cc2=O)CC1)c1ccccc1,90.0,7.05,USP-7
O=C(CCc1ccccc1)N1CCC(O)(Cn2cnc3ccsc3c2=O)CC1,78000.0,4.11,USP-7
Cn1ncc2c(=O)n(CC3(O)CCN(C(=O)CCc4ccccc4)CC3)cnc21,32000.0,4.50,USP-7
C#Cc1csc2c(=O)n(CC3(O)CCN(C(=O)CCc4ccccc4)CC3)cnc12,8000.0,5.10,USP-7
O=C(CCc1ccccc1)N1CCC(O)(Cn2cnc3c(-c4ccccc4)csc3c2=O)CC1,10000.0,5.00,USP-7
C#Cc1c2ncn(CC3(O)CCN(C(=O)C[C@@H](C)c4ccccc4)CC3)c(=O)c2nn1C,240.0,6.62,USP-7
C=C(C)c1c2ncn(CC3(O)CCN(C(=O)C[C@@H](C)c4ccccc4)CC3)c(=O)c2nn1C,330.0,6.48,USP-7
O=C(CCc1ccccc1)N1CCC(O)(Cn2cnc3occc3c2=O)CC1,87000.0,4.06,USP-7
C[C@H](CC(=O)N1CCC(O)(Cn2cnc3c(-c4ccccc4N)n(C)nc3c2=O)CC1)c1ccccc1,1400.0,5.85,USP-7
CN(C)CCCNC1CS(=O)(=O)c2cc(NC(=O)c3cc([N+](=O)[O-])c(Sc4c(Cl)cncc4Cl)s3)ccc21,200.0,6.70,USP-7
O=C([C@H]1Cc2cc(Cl)cc(-c3ccnc4[nH]ccc34)c2O1)N1CCNCC1,450.0,6.35,USP-7
Cc1cc(Cl)cc(-c2ccnc3cc(CN4C(=O)CCC4=O)sc23)c1OC1CCNCC1,8.0,8.10,USP-7
Cc1cc(Cl)cc(-c2ccnc3cc(CN4C(=O)C5C(C4=O)C5(C)C)sc23)c1NC1CCCNC1,0.78,9.11,USP-7
Cc1cc2nccc(-c3cc(Cl)cc4c3O[C@@H](C(=O)N3CCNCC3)C4)c2s1,130.0,6.89,USP-7
O=C([C@H]1Cc2cc(Cl)cc(-c3ccnc4cc(C5(O)COC5)sc34)c2O1)N1CCNCC1,73.0,7.14,USP-7
O=C1CCC(=O)N1Cc1cc2nccc(-c3cc(Cl)cc4c3O[C@@H](c3ocnc3CN3CCC3)C4)c2s1,13.0,7.89,USP-7
Cc1cc(Cl)cc(-c2ccnc3cc(CN4C(=O)C5CC5C4=O)sc23)c1O[C@@H]1CCNC[C@@H]1C,1.1,8.96,USP-7
Cc1cc(Cl)cc(-c2ccnc3cc(CN4C(=O)CCC4=O)sc23)c1CN1CCNCC1,32.0,7.50,USP-7
Cc1cc(Cl)cc(-c2ccnc3cc(CN4C(=O)C5CC5C4=O)sc23)c1C[C@@H]1CNC[C@@H](C)O1,0.39,9.41,USP-7
Cc1cc(Cl)cc(-c2ccnc3cc(CN4C(=O)CCC4=O)sc23)c1OCC1(F)CNC1,1.5,8.82,USP-7
O=C(CCc1ccccc1)N1CCC(O)(Cn2cnc3sccc3c2=O)CC1,23000.0,4.64,USP-7
C[C@H](CC(=O)N1CCC(O)(Cn2cnccc2=O)CC1)c1ccccc1,23000.0,4.64,USP-7
CNc1cc(=O)n(CC2(O)CCN(C(=O)C[C@@H](C)c3ccccc3)CC2)cn1,4200.0,5.38,USP-7
Cn1nc2c(=O)n(CC3(O)CCN(C(=O)C[C@H](c4ccccc4)C(F)(F)F)CC3)cnc2c1-c1ccc(CN)cc1,22.0,7.66,USP-7
C[C@@H](CC(=O)N1CCC(O)(Cn2cnc3c(-c4ccc(CN)cc4)n(C)nc3c2=O)CC1)c1ccccc1,2400.0,5.62,USP-7
O=C1CCC(=O)N1Cc1cc2nccc(-c3cc(Cl)cc4c3O[C@@H](c3onc5c3CNCC5)C4)c2s1,0.38,9.42,USP-7
Cc1cc(Cl)cc(-c2ccnc3cc(CN4C(=O)CCC4=O)sc23)c1O[C@H]1C[C@H](N)C1,3.4,8.47,USP-7
CC(O)c1nc([N+](=O)[O-])c(Sc2c(Cl)cncc2Cl)s1,6950.0,5.16,USP-7
CCCC(=O)OC(C)c1nc([N+](=O)[O-])c(Sc2c(Cl)cncc2Cl)s1,4490.0,5.35,USP-7
CCc1c(-c2ccc(C(=O)NC)nc2)cnc(N)c1-c1ccc(O)cc1,1340.0,5.87,USP-7
Oc1ccc(-c2ncc(C3CCNCC3)o2)c(F)c1,18400.0,4.74,USP-7
CCc1c(-c2cccc(C#N)c2)cnc(N)c1-c1ccc(O)cc1,2500.0,5.60,USP-7
CCc1c(-c2ccc(O)cc2)cnc(N)c1-c1ccccc1,22400.0,4.65,USP-7
Cc1cc(Cl)cc(-c2ccnc3cc(CN4C(=O)C5C(C4=O)C5(C)C)sc23)c1C[C@@H]1CNCCO1,0.44,9.36,USP-7
CC1=C(O)/C(=C/C(C)CCC/C(C)=C/CCc2coc(Cc3ccoc3)c2)OC1=O,2700.0,5.57,USP-7
Cc1cc(Cl)cc(-c2ccnc3cc(CN4C(=O)CCC4=O)sc23)c1CN1[C@@H](C)CNC[C@@H]1C,0.32,9.49,USP-7
Cc1cc(Cl)cc(-c2ccnc3cc(CN4C(=O)CCC4=O)sc23)c1O[C@@H]1CCNC[C@@H]1C,2.1,8.68,USP-7
Cc1cc(Cl)cc(-c2ccnc3cc(CN4C(=O)CCC4=O)sc23)c1O[C@H]1CCCNC1,4.6,8.34,USP-7
CC1=C(O)/C(=C/C(C)CC/C=C(/C)CCCc2coc(Cc3ccoc3)c2)OC1=O,3500.0,5.46,USP-7
CCCC(NC(=O)/C(C#N)=C/c1ccc2cccnc2n1)c1ccc(OCCN2CCOCC2)cc1,6230.0,5.21,USP-9X
CCC[C@H](NC(=O)/C(C#N)=C/c1ccc2ccccc2n1)c1ccccc1,4610.0,5.34,USP-9X
CCC[C@H](NC(=O)/C(C#N)=C/c1ccc2cccnc2n1)c1ccccc1,1200.0,5.92,USP-9X
CCCC(NC(=O)/C(C#N)=C/c1ccc2ccccc2n1)c1ccc(OCCN2CCOCC2)cc1,5970.0,5.22,USP-9X
N#C/C(=C/c1cccc(Br)n1)C(=O)NCc1cccc(CNC(=O)/C(C#N)=C\c2cccc(Br)n2)c1,2500.0,5.60,USP-9X
CCC[C@H](NC(=O)/C(C#N)=C/c1ccc2cccc(Cl)c2n1)c1ccccc1,1990.0,5.70,USP-9X
CCCC(NC(=O)/C(C#N)=C/c1nc(Cl)ccc1Cl)c1ccc(OCCN2CCOCC2)cc1,1600.0,5.80,USP-9X
CCC[C@H](NC(=O)/C(C#N)=C/c1ccc2cccc(O)c2n1)c1ccccc1,6130.0,5.21,USP-9X
CCCC(NC(=O)/C(C#N)=C/c1ccc2cccnc2n1)c1ccccc1,1200.0,5.92,USP-9X
CCCC(NC(=O)/C(C#N)=C/c1ccc2cccc(O)c2n1)c1ccc(OCCN2CCOCC2)cc1,5120.0,5.29,USP-9X
CCCC(NC(=O)/C(C#N)=C/c1ccc2cccc(Cl)c2n1)c1ccc(OCCN2CCOCC2)cc1,10730.0,4.97,USP-9X
